ts_code,name,management,found_date,fund_type,invest_type,benchmark,m_fee,c_fee,net_asset,ann_date
159758.SZ,红利50ETF,华夏基金,20211220,股票型,被动指数型,中证红利质量指数收益率,0.5,0.1,2.58,20211221
159719.SZ,开放共赢ETF,平安基金,20211217,股票型,被动指数型,富时中国国企开放共赢指数收益率,0.25,0.05,2.12,20211221
517180.SH,N开放共赢ETF,南方基金,20211217,股票型,被动指数型,富时中国国企开放共赢指数收益率,0.25,0.05,2.69,20211221
517090.SH,共赢ETF,国泰基金,20211217,股票型,被动指数型,富时中国国企开放共赢指数收益率,0.25,0.05,3.16,20211221
159718.SZ,港股医药ETF,平安基金,20211216,股票型,被动指数型,中证港股通医药卫生综合指数收益率(经汇率调整),0.5,0.1,2.67,20211221
159711.SZ,港股通ETF,华夏基金,20211216,股票型,被动指数型,中证港股通50指数收益率(估值汇率调整),0.5,0.1,3.16,20211221
159608.SZ,稀有金属ETF,广发基金,20211215,股票型,被动指数型,中证稀有金属主题指数收益率,0.5,0.1,5.61,20211216
159701.SZ,物联网ETF招商,招商基金,20211215,股票型,被动指数型,中证物联网主题指数收益率,0.5,0.1,2.07,20211216
516350.SH,芯片50ETF,易方达基金,20211215,股票型,被动指数型,中证芯片产业指数收益率,0.15,0.05,3.11,20211216
159730.SZ,家电ETF基金,博时基金,20211213,股票型,被动指数型,国证龙头家电指数收益率,0.5,0.1,2.23,20211217
517390.SH,云计算AH,天弘基金,20211210,股票型,被动指数型,中证沪港深云计算产业指数收益率,0.5,0.1,2.52,20211216
588150.SH,科创龙头,南方基金,20211210,股票型,被动指数型,上证科创板50成份指数收益率,0.5,0.1,2.85,20211213
159751.SZ,港股科技ETF,鹏华基金,20211210,股票型,被动指数型,中证港股通科技指数收益率,0.6,0.15,2.32,20211221
159706.SZ,深证100ETF华安,华安基金,20211209,股票型,被动指数型,深证100指数收益率,0.15,0.05,2.96,20211213
516690.SH,化工产业ETF,银华基金,20211207,股票型,被动指数型,中证细分化工产业主题指数收益率,0.5,0.1,2.69,20211214
501211.SH,民生加银优享FOF,民生加银基金,20211207,混合型,混合型,中债综合指数收益率*65%+沪深300指数收益率*25%+恒生综合指数收益率(经汇率估值调整)*5%+1年期定期存款收益率(税后)*5%,1.0,0.15,18.86,20211215
159760.SZ,公共卫生健康ETF,泰康资产,20211206,股票型,被动指数型,国证公共卫生与健康指数收益率,0.5,0.1,3.32,20211213
508099.SH,建信中关村REIT,建信基金,20211203,混合型,,,0.24,0.02,28.83,20211203
180202.SZ,华夏越秀高速REIT,华夏基金,20211203,混合型,,,0.45,0.03,21.32,20211203
159731.SZ,石化ETF,华夏基金,20211202,股票型,被动指数型,中证石化产业指数收益率,0.5,0.1,2.29,20211203
562900.SH,现代农业ETF,易方达基金,20211202,股票型,被动指数型,中证现代农业主题指数收益率,0.15,0.05,2.55,20211206
561990.SH,沪深300增强ETF,招商基金,20211202,股票型,增强指数型,沪深300指数收益率,0.5,0.1,9.94,20211203
561550.SH,500增强ETF,华泰柏瑞基金,20211202,股票型,增强指数型,中证500指数收益率,0.7,0.1,13.95,20211203
561300.SH,300增强ETF,国泰基金,20211201,股票型,增强指数型,沪深300指数收益率,1.0,0.1,18.94,20211203
159789.SZ,饮料ETF,建信基金,20211125,股票型,被动指数型,中证饮料主题指数收益率,0.5,0.1,2.7,20211213
517770.SH,游戏传媒ETF,浦银安盛基金,20211125,股票型,被动指数型,中证沪港深游戏及文化传媒指数收益率,0.5,0.1,3.38,20211126
159761.SZ,新材料50ETF,国泰基金,20211124,股票型,被动指数型,中证新材料主题指数收益率,0.5,0.1,4.33,20211206
159607.SZ,中概互联网ETF,嘉实基金,20211124,股票型,被动指数型,中证海外中国互联网30指数收益率(经估值汇率调整),0.5,0.1,5.0,20211125
501218.SH,工银睿智进取FOF,工银瑞信基金,20211124,股票型,股票型,中证800指数收益率*90%+中债-新综合财富(总值)指数收益率*10%,0.5,0.1,3.08,20211124
159605.SZ,中概互联ETF,广发基金,20211124,股票型,被动指数型,人民币计价的中证海外中国互联网30指数收益率,0.5,0.15,22.6,20211125
159748.SZ,沪港深创新药ETF,富国基金,20211124,股票型,被动指数型,中证沪港深创新药产业指数收益率,0.5,0.1,3.02,20211124
517960.SH,科技AHETF,上投摩根基金,20211122,股票型,被动指数型,中证沪港深科技100指数收益率,0.3,0.1,2.02,20211216
588310.SH,双创ETF基金,方正富邦基金,20211122,股票型,被动指数型,中证科创创业50指数收益率,0.5,0.1,2.51,20211125
159779.SZ,消费电子ETF招商,招商基金,20211118,股票型,被动指数型,中证消费电子主题指数收益率,0.5,0.1,3.55,20211119
517880.SH,品牌消费ETF,华泰柏瑞基金,20211117,股票型,被动指数型,中证沪港深品牌消费50指数收益率,0.5,0.1,2.89,20211124
517280.SH,网购ETF,天弘基金,20211116,股票型,被动指数型,中证沪港深线上消费主题指数收益率,0.5,0.1,2.31,20211116
159896.SZ,物联网龙头ETF,南方基金,20211115,股票型,被动指数型,中证物联网主题指数收益率,0.5,0.1,3.37,20211117
501215.SH,积极配置FOF,兴证全球基金,20211112,混合型,混合型,中证偏股型基金指数收益率*85%+中债综合(全价)指数收益率*15%,1.1,0.15,42.3,20211112
159726.SZ,恒生红利ETF,华夏基金,20211111,股票型,被动指数型,恒生中国内地企业高股息率指数收益率(经估值汇率调整),0.5,0.1,2.13,20211116
501210.SH,交银智选星光FOF,交银施罗德基金,20211110,混合型,混合型,沪深300指数收益率*80%+中债综合全价指数收益率*20%,1.0,0.2,34.68,20211112
561310.SH,消电ETF,国泰基金,20211110,股票型,被动指数型,中证消费电子主题指数收益率,0.5,0.1,3.57,20211118
501213.SH,中欧汇选FOF,中欧基金,20211110,混合型,混合型,中证800指数收益率*80%+银行活期存款利率(税后)*20%,1.0,0.2,12.3,20211112
159793.SZ,线上消费ETF平安,平安基金,20211109,股票型,被动指数型,中证沪港深线上消费主题指数收益率,0.5,0.1,2.6,20211117
516730.SH,证券公司ETF,浦银安盛基金,20211104,股票型,被动指数型,中证证券公司30指数收益率,0.5,0.1,3.43,20211105
159707.SZ,地产ETF,华宝基金,20211104,股票型,被动指数型,中证800地产指数收益率,0.5,0.1,2.39,20211105
159739.SZ,大数据ETF,鹏华基金,20211103,股票型,被动指数型,中证云计算与大数据主题指数收益率,0.5,0.1,2.73,20211110
501212.SH,广发优选配置FOF,广发基金,20211102,混合型,混合型,中债-综合全价(总值)指数收益率*50%+中证800指数收益率*45%+人民币计价的恒生指数收益率*5%,1.0,0.2,10.28,20211112
159601.SZ,A50ETF,华夏基金,20211101,股票型,被动指数型,MSCI中国A50互联互通人民币指数收益率,0.5,0.1,67.68,20211101
560050.SH,MSCI中国A50ETF,汇添富基金,20211029,股票型,被动指数型,MSCI中国A50互联互通人民币指数收益率,0.5,0.1,80.02,20211101
159602.SZ,中国A50ETF,南方基金,20211029,股票型,被动指数型,MSCI中国A50互联互通指数(人民币)收益率,0.5,0.1,38.96,20211101
563000.SH,中国A50ETF,易方达基金,20211029,股票型,被动指数型,MSCI中国A50互联互通人民币指数收益率,0.5,0.1,79.99,20211101
516750.SH,建材ETF,富国基金,20211028,股票型,被动指数型,中证全指建筑材料指数收益率,0.5,0.1,2.62,20211028
159712.SZ,港股通50ETF,国泰基金,20211027,股票型,被动指数型,中证港股通50指数收益率,0.5,0.1,2.04,20211104
159770.SZ,机器人ETF,天弘基金,20211026,股票型,被动指数型,中证机器人指数收益率,0.5,0.1,3.2,20211101
159862.SZ,食品ETF,银华基金,20211026,股票型,被动指数型,中证细分食品饮料产业主题指数收益率,0.5,0.1,3.23,20211101
159877.SZ,医疗产业ETF,南方基金,20211022,股票型,被动指数型,中证全指医疗保健设备与服务指数收益率,0.5,0.1,4.52,20211027
516620.SH,影视ETF,国泰基金,20211020,股票型,被动指数型,中证影视主题指数收益率,0.5,0.1,2.82,20211020
159895.SZ,物联网50ETF,易方达基金,20211013,股票型,被动指数型,中证物联网主题指数收益率,0.15,0.05,2.85,20211014
588280.SH,科创50ETF华安,华安基金,20211012,股票型,被动指数型,上证科创板50成份指数收益率,0.5,0.1,8.6,20211012
517660.SH,物联网AH,天弘基金,20211012,股票型,被动指数型,中证沪港深物联网主题指数收益率,0.5,0.1,2.27,20211018
159892.SZ,恒生生物科技ETF,华夏基金,20210929,股票型,被动指数型,恒生香港上市生物科技指数收益率(使用估值汇率折算),0.5,0.15,2.39,20211012
159853.SZ,科技100ETF,南方基金,20210929,股票型,被动指数型,中证科技100指数收益率,0.15,0.05,3.02,20210929
516130.SH,消费龙头ETF,华宝基金,20210928,股票型,被动指数型,中证消费龙头指数收益率,0.5,0.1,3.9,20210929
159777.SZ,创科技ETF基金,国联安基金,20210927,股票型,被动指数型,创业板科技指数收益率,0.5,0.1,2.49,20211011
159723.SZ,科技龙头ETF,汇添富基金,20210927,股票型,被动指数型,中证沪港深科技龙头指数收益率,0.15,0.05,2.41,20210927
561130.SH,国货ETF,富国基金,20210927,股票型,被动指数型,中证新华社民族品牌工程指数收益率,0.5,0.1,8.41,20211011
516860.SH,金融科技ETF,博时基金,20210924,股票型,被动指数型,中证金融科技主题指数收益率,0.5,0.1,2.01,20210927
159773.SZ,创科技ETF,华泰柏瑞基金,20210923,股票型,被动指数型,创业板科技指数收益率,0.5,0.1,2.92,20210924
562360.SH,机器人50ETF,银华基金,20210922,股票型,被动指数型,中证机器人指数收益率,0.5,0.1,3.89,20210922
560000.SH,智慧电车ETF,浦银安盛基金,20210917,股票型,被动指数型,中证智能电动汽车指数收益率,0.5,0.1,2.12,20210923
510770.SH,G60创新ETF,申万菱信基金,20210916,股票型,被动指数型,上证G60战略新兴产业成份指数收益率,0.5,0.1,3.11,20210917
159717.SZ,ESGETF,鹏华基金,20210915,股票型,被动指数型,国证ESG300指数收益率,0.5,0.1,3.62,20210922
159733.SZ,消费电子50ETF,景顺长城基金,20210915,股票型,被动指数型,中证消费电子主题指数收益率,0.5,0.1,4.47,20210922
517030.SH,沪港深300ETF基金,易方达基金,20210915,股票型,被动指数型,中证沪港深300指数收益率,0.15,0.05,2.01,20210916
159792.SZ,港股通互联网ETF,富国基金,20210915,股票型,被动指数型,中证港股通互联网指数收益率,0.5,0.1,2.46,20210917
562800.SH,稀有金属ETF,嘉实基金,20210915,股票型,被动指数型,中证稀有金属主题指数收益率,0.5,0.1,6.03,20210916
159736.SZ,饮食ETF,天弘基金,20210909,股票型,被动指数型,中证食品饮料指数收益率,0.5,0.1,3.27,20210916
516190.SH,文娱传媒ETF,华夏基金,20210909,股票型,被动指数型,中证文娱传媒指数收益率,0.5,0.1,2.14,20210909
517110.SH,创新药沪深港ETF,国泰基金,20210908,股票型,被动指数型,中证沪港深创新药产业指数收益率,0.5,0.1,2.46,20210923
516560.SH,养老ETF,华宝基金,20210908,股票型,被动指数型,中证养老产业指数收益率,0.5,0.1,3.2,20210909
501209.SH,富久食品饮料LOF,银华基金,20210903,混合型,混合型,中证食品饮料指数收益率*80%+中证港股通综合指数(人民币)收益率*10%+商业银行人民币活期存款利率(税后)*10%,1.5,0.25,15.59,20211125
516210.SH,银行股ETF,华安基金,20210903,股票型,被动指数型,中证银行指数收益率,0.5,0.1,3.57,20210915
159715.SZ,稀土ETF易方达,易方达基金,20210901,股票型,被动指数型,中证稀土产业指数收益率,0.15,0.05,4.31,20210901
159889.SZ,智能汽车ETF,国泰基金,20210901,股票型,被动指数型,中证智能汽车主题指数收益率,0.5,0.1,3.24,20210902
561600.SH,消费电子ETF,平安基金,20210830,股票型,被动指数型,中证消费电子主题指数收益率,0.5,0.1,2.56,20210902
560560.SH,泰康碳中和ETF,泰康资产,20210827,股票型,被动指数型,中证内地低碳经济主题指数收益率,0.5,0.1,4.94,20210906
516630.SH,云计算50ETF,华夏基金,20210824,股票型,被动指数型,中证云计算与大数据主题指数收益率,0.5,0.1,2.69,20210824
588390.SH,科创创业50ETF,博时基金,20210819,股票型,被动指数型,中证科创创业50指数收益率,0.5,0.1,8.47,20210823
159763.SZ,新材料ETF基金,建信基金,20210819,股票型,被动指数型,中证新材料主题指数收益率,0.5,0.1,4.06,20210906
516640.SH,芯片龙头ETF,富国基金,20210819,股票型,被动指数型,中证芯片产业指数收益率,0.5,0.1,6.13,20210820
561350.SH,国泰中证500ETF,国泰基金,20210818,股票型,被动指数型,中证500指数收益率,0.5,0.1,7.44,20210825
516790.SH,医疗保健ETF,华泰柏瑞基金,20210812,股票型,被动指数型,中证全指医疗保健设备与服务指数收益率,0.5,0.1,3.29,20210816
159732.SZ,消费电子ETF,华夏基金,20210812,股票型,被动指数型,国证消费电子主题指数收益率,0.5,0.1,4.95,20210816
561800.SH,稀有金属ETF基金,华富基金,20210811,股票型,被动指数型,中证稀有金属主题指数收益率,0.5,0.1,3.05,20210817
516290.SH,光伏ETF基金,汇添富基金,20210809,股票型,被动指数型,中证光伏产业指数收益率,0.15,0.05,3.16,20210816
159875.SZ,新能源ETF,嘉实基金,20210809,股票型,被动指数型,中证新能源指数收益率,0.5,0.1,4.65,20210810
159767.SZ,电池龙头ETF,兴银基金,20210806,股票型,被动指数型,国证新能源车电池指数收益率,0.5,0.1,3.51,20210816
159713.SZ,稀土ETF,富国基金,20210805,股票型,被动指数型,中证稀土产业指数收益率,0.5,0.1,2.63,20210809
159840.SZ,锂电池ETF,工银瑞信基金,20210805,股票型,被动指数型,国证新能源车电池指数收益率,0.45,0.07,3.85,20210805
560660.SH,云50ETF,新华基金,20210805,股票型,被动指数型,中证云计算50指数收益率,0.5,0.1,3.34,20210818
516930.SH,生物科技ETF基金,民生加银基金,20210805,股票型,被动指数型,中证生物科技主题指数收益率,0.5,0.1,2.85,20210811
517800.SH,人工智能50ETF,方正富邦基金,20210804,股票型,被动指数型,中证沪港深人工智能50指数收益率,0.5,0.1,2.63,20210819
560500.SH,中证500成长ETF,鹏扬基金,20210804,股票型,被动指数型,中证500质量成长指数收益率,0.45,0.05,4.33,20210825
516710.SH,新材料50ETF,华夏基金,20210804,股票型,被动指数型,中证新材料主题指数收益率,0.5,0.1,2.64,20210810
561910.SH,电池ETF,招商基金,20210804,股票型,被动指数型,中证电池主题指数收益率,0.5,0.1,2.9,20210805
517010.SH,沪港深500ETF指数,易方达基金,20210803,股票型,被动指数型,中证沪港深500指数收益率,0.15,0.05,2.34,20210805
513590.SH,香港消费ETF,鹏华基金,20210803,股票型,被动指数型,中证港股通消费主题指数收益率,0.5,0.1,2.56,20210812
159790.SZ,碳中和ETF,华夏基金,20210730,股票型,被动指数型,中证内地低碳经济主题指数收益率,0.5,0.1,33.73,20210930
159846.SZ,中证1000ETF基金,建信基金,20210729,股票型,被动指数型,中证1000指数收益率,0.5,0.1,0.29,20210930
159786.SZ,VRETF,银华基金,20210729,股票型,被动指数型,中证虚拟现实主题指数收益率,0.5,0.1,3.48,20210930
159864.SZ,光伏50ETF,国泰基金,20210728,股票型,被动指数型,中证光伏产业指数收益率,0.5,0.1,6.56,20210930
516920.SH,芯片ETF基金,汇添富基金,20210727,股票型,被动指数型,中证芯片产业指数收益率,0.15,0.05,5.12,20210930
517380.SH,创新药沪港深ETF,天弘基金,20210727,股票型,被动指数型,恒生沪深港创新药精选50指数收益率,0.5,0.1,2.76,20210930
516720.SH,ESGETF,浦银安盛基金,20210722,股票型,被动指数型,中证ESG120策略指数收益率,0.5,0.1,2.28,20210930
159838.SZ,医药ETF基金,博时基金,20210722,股票型,被动指数型,中证医药50指数收益率,0.5,0.1,1.11,20210930
516260.SH,物联网50ETF,华夏基金,20210722,股票型,被动指数型,中证物联网主题指数收益率,0.5,0.1,2.88,20210930
159757.SZ,电池30ETF,景顺长城基金,20210721,股票型,被动指数型,国证新能源车电池指数收益率,0.5,0.1,4.92,20210930
159752.SZ,新能源龙头ETF,申万菱信基金,20210720,股票型,被动指数型,中证内地新能源主题指数收益率,0.5,0.1,1.98,20210930
588060.SH,科创板龙头ETF,广发基金,20210715,股票型,被动指数型,上证科创板50成份指数收益率,0.5,0.1,2.04,20210930
159710.SZ,智能电车ETF,建信基金,20210715,股票型,被动指数型,中证智能电动汽车指数收益率,0.5,0.1,1.4,20210930
159766.SZ,旅游ETF,富国基金,20210715,股票型,被动指数型,中证旅游主题指数收益率,0.5,0.1,2.94,20210930
516580.SH,新能源主题ETF,博时基金,20210715,股票型,被动指数型,中证新能源指数收益率,0.5,0.1,1.88,20210930
516100.SH,互联网金融ETF,华夏基金,20210713,股票型,被动指数型,中证金融科技主题指数收益率,0.5,0.1,1.4,20210930
562880.SH,电池ETF基金,嘉实基金,20210713,股票型,被动指数型,中证电池主题指数收益率,0.5,0.1,2.85,20210930
513700.SH,香港医药ETF,鹏华基金,20210713,股票型,被动指数型,中证港股通医药卫生综合指数收益率,0.5,0.1,3.61,20210930
516890.SH,新材料ETF平安,平安基金,20210709,股票型,被动指数型,中证新材料主题指数收益率,0.5,0.1,1.05,20210930
516270.SH,新能源50ETF,华安基金,20210709,股票型,被动指数型,中证内地新能源主题指数收益率,0.5,0.1,1.48,20210930
517120.SH,沪港深创新药ETF,华泰柏瑞基金,20210708,股票型,被动指数型,中证沪港深创新药产业指数收益率,0.5,0.1,4.37,20210930
159729.SZ,互联网ETF,汇添富基金,20210708,股票型,被动指数型,中证沪港深互联网指数收益率,0.15,0.05,2.08,20210930
159847.SZ,医疗50ETF,易方达基金,20210708,股票型,被动指数型,中证医疗指数收益率,0.15,0.05,1.94,20210930
159720.SZ,智能电动车ETF,泰康资产,20210707,股票型,被动指数型,中证智能电动汽车指数收益率,0.5,0.1,2.35,20210930
561900.SH,沪深300ESGETF,招商基金,20210706,股票型,被动指数型,沪深300ESG基准指数收益率,0.5,0.1,1.08,20210930
159747.SZ,香港科技ETF,南方基金,20210702,股票型,被动指数型,经估值汇率调整的中证香港科技指数收益率,0.5,0.15,2.9,20210930
159782.SZ,双创50ETF基金,银华基金,20210629,股票型,被动指数型,中证科创创业50指数收益率,0.5,0.1,12.88,20210930
588380.SH,创50ETF,富国基金,20210629,股票型,被动指数型,中证科创创业50指数收益率,0.5,0.1,21.37,20210930
588360.SH,科创创业ETF,国泰基金,20210629,股票型,被动指数型,中证科创创业50指数收益率,0.5,0.1,6.97,20210930
588330.SH,双创龙头ETF,华宝基金,20210629,股票型,被动指数型,中证科创创业50指数收益率,0.5,0.1,16.83,20210930
159781.SZ,双创50ETF,易方达基金,20210628,股票型,被动指数型,中证科创创业50指数收益率,0.5,0.1,83.61,20210930
588400.SH,双创50ETF,嘉实基金,20210625,股票型,被动指数型,中证科创创业50指数收益率,0.5,0.1,22.95,20210930
588300.SH,双创ETF,招商基金,20210625,股票型,被动指数型,中证科创创业50指数收益率,0.5,0.1,21.76,20210930
588180.SH,科创50ETF基金,国联安基金,20210624,股票型,被动指数型,上证科创板50成份指数收益率,0.3,0.05,19.84,20210930
516870.SH,汽车龙头ETF,银华基金,20210624,股票型,被动指数型,中证800汽车与零部件指数收益率,0.5,0.1,2.41,20210624
159783.SZ,双创基金ETF,华夏基金,20210624,股票型,被动指数型,中证科创创业50指数收益率,0.5,0.1,66.25,20210930
516830.SH,300ESGETF,富国基金,20210624,股票型,被动指数型,沪深300ESG基准指数收益率,0.5,0.1,4.35,20210930
159780.SZ,双创ETF,南方基金,20210624,股票型,被动指数型,中证科创创业50指数收益率,0.5,0.1,49.14,20210930
159859.SZ,生物医药ETF,天弘基金,20210624,股票型,被动指数型,国证生物医药指数收益率,0.5,0.1,1.47,20210930
516970.SH,基建50ETF,广发基金,20210623,股票型,被动指数型,中证基建工程指数收益率,0.5,0.1,57.92,20210930
513980.SH,港股科技ETF基金,景顺长城基金,20210621,股票型,被动指数型,中证港股通科技指数(人民币)指数收益率,0.5,0.1,4.47,20210930
159899.SZ,软件基金ETF,招商基金,20210618,股票型,被动指数型,中证全指软件指数收益率,0.5,0.1,1.9,20210930
510990.SH,180ESGETF,工银瑞信基金,20210618,股票型,被动指数型,中证180ESG指数收益率,0.45,0.1,0.83,20210930
159708.SZ,红利ETF,西部利得基金,20210618,股票型,被动指数型,深证红利指数收益率,0.4,0.08,2.59,20210930
159709.SZ,物联网ETF工银,工银瑞信基金,20210618,股票型,被动指数型,深证物联网50指数收益率,0.45,0.07,2.42,20210930
517360.SH,沪港深科技ETF,华安基金,20210618,股票型,被动指数型,中证沪港深科技100指数收益率,0.5,0.1,0.92,20210930
159716.SZ,深创100ETF,华宝基金,20210618,股票型,被动指数型,深证创新100指数收益率,0.5,0.1,2.8,20210930
159881.SZ,有色60ETF,国泰基金,20210617,股票型,被动指数型,中证有色金属指数收益率,0.5,0.1,1.19,20210930
159721.SZ,深创龙头ETF,永赢基金,20210617,股票型,被动指数型,深证创新100指数收益率,0.15,0.05,1.06,20210930
513860.SH,港股通科技ETF,海富通基金,20210617,股票型,被动指数型,中证港股通科技指数收益率,0.5,0.1,5.15,20210930
561500.SH,漂亮50ETF,华泰柏瑞基金,20210617,股票型,被动指数型,中证企业核心竞争力50指数收益率,0.5,0.1,2.09,20210930
159872.SZ,车联网ETF,鹏华基金,20210616,股票型,被动指数型,中证车联网主题指数收益率,0.5,0.1,1.4,20210930
516400.SH,ESG龙头ETF,富国基金,20210616,股票型,被动指数型,中证ESG120策略指数收益率,0.5,0.1,0.05,20211214
159755.SZ,电池ETF,广发基金,20210615,股票型,被动指数型,国证新能源车电池指数收益率,0.5,0.1,16.23,20210930
516980.SH,证券先锋ETF,华富基金,20210615,股票型,被动指数型,中证证券公司先锋策略指数收益率,0.5,0.1,0.51,20210930
159725.SZ,线上消费ETF,工银瑞信基金,20210611,股票型,被动指数型,中证线上消费主题指数收益率,0.45,0.07,1.2,20210930
516570.SH,化工行业ETF,易方达基金,20210609,股票型,被动指数型,中证石化产业指数收益率,0.15,0.05,0.45,20210930
516650.SH,有色50ETF,华夏基金,20210609,股票型,被动指数型,中证细分有色金属产业主题指数收益率,0.5,0.1,0.43,20210930
159745.SZ,建材ETF,国泰基金,20210609,股票型,被动指数型,中证全指建筑材料指数收益率,0.5,0.1,2.4,20210930
516820.SH,医疗创新ETF,平安基金,20210609,股票型,被动指数型,中证医药及医疗器械创新指数收益率,0.5,0.1,8.98,20210930
513360.SH,教育ETF,博时基金,20210608,股票型,被动指数型,中证全球中国教育主题指数(人民币)收益率,0.5,0.15,3.19,20210930
180101.SZ,博时蛇口产园REIT,博时基金,20210607,混合型,,,0.15,0.015,20.81,20210607
508001.SH,浙商沪杭甬REIT,浙商资管,20210607,股票型,,,0.125,0.01,43.6,20210607
508006.SH,富国首创水务REIT,富国基金,20210607,混合型,,,0.1,0.01,18.51,20210607
508000.SH,华安张江光大REIT,华安基金,20210607,混合型,,,0.55,0.01,14.95,20210607
508027.SH,东吴苏园产业REIT,东吴基金,20210607,混合型,,,0.15,0.01,34.93,20210607
180801.SZ,中航首钢绿能REIT,中航基金,20210607,混合型,,,0.1,0.05,13.39,20210607
508056.SH,中金普洛斯REIT,中金基金,20210607,混合型,,,0.7,0.01,58.37,20210607
180201.SZ,平安广州广河REIT,平安基金,20210607,混合型,,,0.115,0.03,91.14,20210607
180301.SZ,红土盐田港REIT,红土创新基金,20210607,股票型,,,0.3,0.01,18.41,20210607
516380.SH,智能电动车ETF,华宝基金,20210604,股票型,被动指数型,中证智能电动汽车指数收益率,0.5,0.1,0.88,20210930
159897.SZ,物联网ETF基金,建信基金,20210603,股票型,被动指数型,中证物联网主题指数收益率,0.5,0.1,0.51,20210930
516910.SH,物流ETF,富国基金,20210603,股票型,被动指数型,中证现代物流指数收益率,0.5,0.1,0.49,20210930
516390.SH,新能源汽车ETF,汇添富基金,20210603,股票型,被动指数型,中证新能源汽车产业指数收益率,0.15,0.05,2.52,20210930
159703.SZ,新材料ETF,天弘基金,20210527,股票型,被动指数型,中证新材料主题指数收益率,0.5,0.1,0.89,20210930
159891.SZ,医疗ETF基金,建信基金,20210527,股票型,被动指数型,中证全指医疗保健设备与服务指数收益率,0.5,0.1,1.25,20210930
159898.SZ,医疗器械ETF招商,招商基金,20210527,股票型,被动指数型,中证全指医疗器械指数收益率,0.5,0.1,1.67,20210930
516480.SH,新材料ETF基金,国联安基金,20210527,股票型,被动指数型,中证新材料主题指数收益率,0.5,0.1,0.55,20210930
516320.SH,高端装备ETF,华夏基金,20210527,股票型,被动指数型,中证装备产业指数收益率,0.5,0.1,1.35,20210930
159741.SZ,恒生科技ETF基金,嘉实基金,20210526,股票型,被动指数型,恒生科技指数收益率(使用估值汇率折算),0.6,0.1,2.32,20210930
159735.SZ,港股消费ETF,银华基金,20210525,股票型,被动指数型,中证港股通消费主题指数收益率,0.5,0.1,0.9,20210930
513130.SH,恒生科技ETF,华泰柏瑞基金,20210524,股票型,被动指数型,恒生科技指数收益率(使用估值汇率折算),0.2,0.05,17.15,20210930
516310.SH,银行ETF易方达,易方达基金,20210520,股票型,被动指数型,中证银行指数收益率,0.15,0.05,2.07,20210930
513580.SH,恒生科技ETF基金,华安基金,20210520,股票型,被动指数型,恒生科技指数收益率(经汇率调整后),0.5,0.1,2.73,20210930
517350.SH,中概科技ETF,广发基金,20210520,股票型,被动指数型,中证沪港深科技龙头指数收益率,0.5,0.1,1.35,20210930
513180.SH,恒生科技指数ETF,华夏基金,20210518,股票型,被动指数型,恒生科技指数收益率(使用估值汇率折算),0.5,0.15,32.39,20210930
513010.SH,恒生科技30ETF,易方达基金,20210518,股票型,被动指数型,恒生科技指数收益率(使用估值汇率折算),0.2,0.05,16.64,20210930
159740.SZ,恒生科技ETF,大成基金,20210518,股票型,被动指数型,恒生科技指数收益率,0.5,0.1,2.52,20210930
159742.SZ,恒生科技指数ETF,博时基金,20210517,股票型,被动指数型,恒生科技指数收益率(经汇率调整后),0.5,0.15,1.94,20210930
159888.SZ,智能车ETF,华夏基金,20210513,股票型,被动指数型,中证智能汽车主题指数收益率,0.5,0.1,1.61,20210930
159887.SZ,银行ETF,富国基金,20210512,股票型,被动指数型,中证800银行指数收益率,0.5,0.1,2.54,20210930
516700.SH,大数据产业ETF,华宝基金,20210511,股票型,被动指数型,中证大数据产业指数收益率,0.5,0.1,0.27,20210930
159836.SZ,创300ETF,天弘基金,20210511,股票型,被动指数型,创业板300指数收益率,0.5,0.1,0.39,20210930
513690.SH,恒生高股息ETF,博时基金,20210511,股票型,被动指数型,恒生港股通高股息率指数收益率(经估值汇率调整后),0.5,0.1,1.34,20210930
516360.SH,新材料ETF,华宝基金,20210430,股票型,被动指数型,中证新材料主题指数收益率,0.5,0.1,1.59,20210930
159702.SZ,AIETF,汇添富基金,20210429,股票型,被动指数型,中证人工智能主题指数收益率,0.15,0.05,0.2,20210930
516610.SH,医疗服务ETF,大成基金,20210429,股票型,被动指数型,中证全指医疗保健设备与服务指数收益率,0.5,0.1,0.73,20210930
516590.SH,智能电动汽车ETF,易方达基金,20210429,股票型,被动指数型,中证智能电动汽车指数收益率,0.15,0.05,1.91,20210930
516950.SH,基建ETF,银华基金,20210429,股票型,被动指数型,中证基建指数收益率,0.5,0.1,7.31,20210930
159883.SZ,医疗器械ETF,永赢基金,20210422,股票型,被动指数型,中证全指医疗器械指数收益率,0.5,0.1,4.17,20210930
516900.SH,食品50ETF,华安基金,20210416,股票型,被动指数型,中证申万食品饮料指数收益率,0.5,0.1,0.34,20210930
516070.SH,碳中和50ETF,易方达基金,20210415,股票型,被动指数型,中证内地低碳经济主题指数收益率,0.15,0.05,3.52,20210930
159886.SZ,机械ETF,富国基金,20210415,股票型,被动指数型,中证细分机械设备产业主题指数收益率,0.5,0.1,0.45,20210930
517170.SH,沪港深ETF,华夏基金,20210407,股票型,被动指数型,中证沪港深500指数收益率,0.5,0.1,0.53,20210930
516960.SH,机械ETF,国泰基金,20210407,股票型,被动指数型,中证细分机械设备产业主题指数收益率,0.5,0.1,1.25,20210930
516110.SH,汽车ETF,国泰基金,20210407,股票型,被动指数型,中证800汽车与零部件指数收益率,0.5,0.1,1.72,20210930
159885.SZ,碳中和ETF基金,鹏华基金,20210406,股票型,被动指数型,中证内地低碳经济主题指数收益率,0.5,0.1,6.18,20210930
516330.SH,物联网ETF,华泰柏瑞基金,20210331,股票型,被动指数型,中证物联网主题指数收益率,0.5,0.1,0.74,20210930
516550.SH,农业ETF,嘉实基金,20210330,股票型,被动指数型,中证大农业指数收益率,0.5,0.1,1.09,20210930
516510.SH,云计算ETF,易方达基金,20210329,股票型,被动指数型,中证云计算与大数据主题指数收益率,0.15,0.05,1.08,20210930
159890.SZ,云计算ETF,招商基金,20210325,股票型,被动指数型,中证云计算与大数据主题指数收益率,0.15,0.1,0.38,20210930
159866.SZ,日经ETF,工银瑞信基金,20210324,股票型,被动指数型,日经225指数收益率(经汇率调整后),0.2,0.05,0.96,20210930
159861.SZ,碳中和50ETF,国泰基金,20210319,股票型,被动指数型,中证环保产业50指数收益率,0.5,0.1,3.43,20210930
159845.SZ,中证1000ETF,华夏基金,20210318,股票型,被动指数型,中证1000指数收益率,0.5,0.1,5.35,20210930
516670.SH,畜牧养殖ETF,招商基金,20210318,股票型,被动指数型,中证畜牧养殖指数收益率,0.2,0.1,1.0,20210930
513060.SH,恒生医疗ETF,博时基金,20210318,股票型,被动指数型,恒生医疗保健指数收益率(经汇率调整后),0.5,0.15,3.05,20210930
159873.SZ,医疗设备ETF,天弘基金,20210316,股票型,被动指数型,中证全指医疗保健设备与服务指数收益率,0.5,0.1,0.7,20210930
516300.SH,1000ETF基金,华泰柏瑞基金,20210315,股票型,被动指数型,中证1000指数收益率,0.5,0.1,0.5,20210930
159876.SZ,有色龙头ETF,华宝基金,20210312,股票型,被动指数型,中证有色金属指数收益率,0.5,0.1,0.41,20210930
159858.SZ,创新药指ETF,南方基金,20210312,股票型,被动指数型,中证创新药产业指数收益率,0.15,0.05,0.82,20210930
516090.SH,新能源ETF易方达,易方达基金,20210311,股票型,被动指数型,中证新能源指数收益率,0.15,0.05,2.53,20210930
159835.SZ,创新药50ETF,建信基金,20210311,股票型,被动指数型,中证创新药产业指数收益率,0.5,0.1,0.57,20210930
159871.SZ,有色金属ETF,银华基金,20210310,股票型,被动指数型,中证有色金属指数收益率,0.5,0.1,0.58,20210930
516150.SH,稀土ETF基金,嘉实基金,20210309,股票型,被动指数型,中证稀土产业指数收益率,0.5,0.1,20.58,20210930
516200.SH,证券行业ETF,华安基金,20210309,股票型,被动指数型,中证全指证券公司指数收益率,0.5,0.1,0.22,20210930
516850.SH,新能源80ETF,华夏基金,20210309,股票型,被动指数型,中证新能源指数收益率,0.5,0.1,0.9,20210930
159880.SZ,有色ETF基金,鹏华基金,20210308,股票型,被动指数型,国证有色金属行业指数收益率,0.5,0.1,0.45,20210930
517060.SH,沪港深ETF500,华宝基金,20210305,股票型,被动指数型,中证沪港深500指数收益率,0.5,0.1,0.26,20210930
516500.SH,生物科技ETF,华夏基金,20210304,股票型,被动指数型,中证生物科技主题指数收益率,0.5,0.1,1.06,20210930
159851.SZ,金融科技ETF,华宝基金,20210304,股票型,被动指数型,中证金融科技主题指数收益率,0.5,0.1,0.52,20210930
516760.SH,养殖ETF,平安基金,20210304,股票型,被动指数型,中证畜牧养殖指数收益率,0.5,0.1,1.67,20210930
159842.SZ,券商ETF,银华基金,20210303,股票型,被动指数型,中证全指证券公司指数收益率,0.5,0.1,3.35,20210930
516220.SH,化工龙头ETF,国泰基金,20210302,股票型,被动指数型,中证细分化工产业主题指数收益率,0.5,0.1,2.7,20210930
159865.SZ,养殖ETF,国泰基金,20210301,股票型,被动指数型,中证畜牧养殖指数收益率,0.5,0.1,8.89,20210930
516120.SH,化工50ETF,富国基金,20210301,股票型,被动指数型,中证细分化工产业主题指数收益率,0.5,0.1,3.4,20210930
516020.SH,化工ETF,华宝基金,20210226,股票型,被动指数型,中证细分化工产业主题指数收益率,0.5,0.1,3.86,20210930
516780.SH,稀土ETF,华泰柏瑞基金,20210226,股票型,被动指数型,中证稀土产业指数收益率,0.5,0.1,11.95,20210930
159869.SZ,游戏ETF,华夏基金,20210225,股票型,被动指数型,中证动漫游戏指数收益率,0.5,0.1,3.91,20210930
516770.SH,游戏动漫ETF,华泰柏瑞基金,20210225,股票型,被动指数型,中证动漫游戏指数收益率,0.5,0.1,2.16,20210930
159867.SZ,畜牧ETF,鹏华基金,20210225,股票型,被动指数型,中证畜牧养殖指数收益率,0.5,0.1,5.26,20210930
516010.SH,游戏ETF,国泰基金,20210225,股票型,被动指数型,中证动漫游戏指数收益率,0.5,0.1,3.28,20210930
159870.SZ,化工ETF,鹏华基金,20210223,股票型,被动指数型,中证细分化工产业主题指数收益率,0.5,0.1,8.19,20210930
159863.SZ,光伏ETF基金,鹏华基金,20210222,股票型,被动指数型,中证光伏产业指数收益率,0.5,0.1,2.85,20210930
516680.SH,有色ETF基金,建信基金,20210218,股票型,被动指数型,中证细分有色金属产业主题指数收益率,0.5,0.1,0.53,20210930
516180.SH,光伏ETF平安,平安基金,20210209,股票型,被动指数型,中证光伏产业指数收益率,0.5,0.1,2.05,20210930
517100.SH,沪深港500ETF,富国基金,20210209,股票型,被动指数型,中证沪港深500指数收益率,0.5,0.1,5.41,20210930
159848.SZ,证券ETF基金,国联安基金,20210209,股票型,被动指数型,中证全指证券公司指数收益率,0.5,0.05,2.73,20210930
516060.SH,创新药产业ETF,工银瑞信基金,20210209,股票型,被动指数型,中证创新药产业指数收益率,0.45,0.07,1.01,20210930
516520.SH,智能驾驶ETF,华泰柏瑞基金,20210209,股票型,被动指数型,中证智能汽车主题指数收益率,0.5,0.1,1.77,20210930
159855.SZ,影视ETF,银华基金,20210209,股票型,被动指数型,中证影视主题指数收益率,0.5,0.1,1.4,20210930
516600.SH,消费服务ETF,工银瑞信基金,20210209,股票型,被动指数型,中证消费服务领先指数收益率,0.45,0.07,1.72,20210930
516000.SH,大数据50ETF,华夏基金,20210209,股票型,被动指数型,中证大数据产业指数收益率,0.5,0.1,0.84,20210930
159849.SZ,生物科技ETF招商,招商基金,20210208,股票型,被动指数型,中证生物科技主题指数收益率,0.5,0.1,1.28,20210930
159857.SZ,光伏ETF,天弘基金,20210204,股票型,被动指数型,中证光伏产业指数收益率,0.5,0.1,11.34,20210930
517300.SH,沪港深300ETF,国寿安保基金,20210204,股票型,被动指数型,中证沪港深300指数,0.5,0.1,26.38,20210930
517000.SH,沪港深500ETF,银华基金,20210204,股票型,被动指数型,中证沪港深500指数收益率,0.5,0.1,8.47,20210930
516660.SH,新能汽车ETF,华安基金,20210203,股票型,被动指数型,中证新能源汽车指数收益率,0.5,0.1,2.62,20210930
515230.SH,软件ETF,国泰基金,20210203,股票型,被动指数型,中证全指软件指数收益率,0.5,0.1,2.99,20210930
516080.SH,创新药ETF易方达,易方达基金,20210203,股票型,被动指数型,中证创新药产业指数收益率,0.15,0.05,2.78,20210930
159850.SZ,恒生国企ETF,华夏基金,20210201,股票型,被动指数型,恒生中国企业指数收益率(使用估值汇率折算),0.5,0.15,6.62,20210930
517080.SH,沪港深500ETF基金,汇添富基金,20210201,股票型,被动指数型,中证沪港深500指数收益率,0.15,0.05,7.74,20210930
159839.SZ,生物药ETF,汇添富基金,20210201,股票型,被动指数型,国证生物医药指数收益率,0.5,0.1,2.73,20210930
159852.SZ,软件ETF,嘉实基金,20210129,股票型,被动指数型,中证软件服务指数收益率,0.5,0.1,2.32,20210930
516800.SH,智能制造ETF,华宝基金,20210129,股票型,被动指数型,中证智能制造主题指数收益率,0.5,0.1,3.7,20210930
159841.SZ,证券ETF,天弘基金,20210128,股票型,被动指数型,中证全指证券公司指数收益率,0.5,0.1,33.96,20210930
513330.SH,恒生互联网ETF,华夏基金,20210126,股票型,被动指数型,恒生互联网科技业指数收益率(使用估值汇率折算),0.5,0.15,116.58,20210930
159843.SZ,食品饮料ETF,招商基金,20210125,股票型,被动指数型,国证食品饮料行业指数收益率,0.5,0.1,2.76,20210930
517050.SH,互联网50ETF,华泰柏瑞基金,20210125,股票型,被动指数型,中证沪港深互联网指数收益率,0.5,0.1,8.16,20210930
517200.SH,互联网ETF,嘉实基金,20210125,股票型,被动指数型,中证沪港深互联网指数,0.5,0.1,1.83,20210930
159856.SZ,互联网龙头ETF,工银瑞信基金,20210122,股票型,被动指数型,中证沪港深互联网指数收益率,0.45,0.07,4.84,20210930
516160.SH,新能源ETF,南方基金,20210122,股票型,被动指数型,中证新能源指数收益率,0.15,0.05,21.89,20210930
515910.SH,质量ETF,中金基金,20210121,股票型,被动指数型,MSCI中国A股国际质量指数收益率,0.3,0.05,3.8,20210930
516050.SH,科技龙头ETF,工银瑞信基金,20210121,股票型,被动指数型,中证科技龙头指数收益率,0.45,0.07,7.87,20210930
159837.SZ,生物科技ETF,易方达基金,20210114,股票型,被动指数型,中证生物科技主题指数收益率,0.15,0.05,14.75,20210930
163418.SZ,兴全合兴,兴证全球基金,20210112,混合型,混合型,沪深300指数收益率*60%+恒生指数收益率(使用估值汇率折算)*20%+中债综合(全价)指数收益率*20%,1.5,0.25,76.51,20210930
515400.SH,大数据ETF,富国基金,20210107,股票型,被动指数型,中证大数据产业指数收益率,0.5,0.1,2.29,20210930
516880.SH,光伏50ETF,银华基金,20210105,股票型,被动指数型,中证光伏产业指数收益率,0.5,0.1,16.59,20210930
515170.SH,食品饮料ETF,华夏基金,20201230,股票型,被动指数型,中证细分食品饮料产业主题指数收益率,0.5,0.1,37.14,20210930
515920.SH,智能消费ETF,博时基金,20201230,股票型,被动指数型,中证智能消费主题指数,0.5,0.1,3.42,20210930
513550.SH,港股通50ETF,华泰柏瑞基金,20201230,股票型,被动指数型,中证港股通50指数收益率(使用估值汇率折算),0.5,0.1,30.23,20210930
159828.SZ,医疗ETF,国泰基金,20201224,股票型,被动指数型,中证医疗指数收益率,0.5,0.1,8.23,20210930
515710.SH,食品ETF,华宝基金,20201224,股票型,被动指数型,中证细分食品饮料产业主题指数收益率,0.5,0.1,13.53,20210930
515250.SH,智能汽车ETF,富国基金,20201224,股票型,被动指数型,中证智能汽车主题指数收益率,0.5,0.1,2.79,20210930
515290.SH,银行ETF天弘,天弘基金,20201211,股票型,被动指数型,中证银行指数收益率,0.5,0.1,84.46,20210930
159827.SZ,农业50ETF,银华基金,20201210,股票型,被动指数型,中证农业主题指数,0.5,0.1,2.55,20210930
159824.SZ,新能车ETF,博时基金,20201210,股票型,被动指数型,中证新能源汽车指数收益率,0.5,0.1,3.52,20210930
159825.SZ,农业ETF,富国基金,20201210,股票型,被动指数型,中证农业主题指数收益率,0.5,0.1,19.61,20210930
515790.SH,光伏ETF,华泰柏瑞基金,20201207,股票型,被动指数型,中证光伏产业指数收益率,0.5,0.1,125.12,20210930
515120.SH,创新药ETF,广发基金,20201203,股票型,被动指数型,中证创新药产业指数,0.5,0.1,11.98,20210930
515320.SH,电子50ETF,华安基金,20201125,股票型,被动指数型,中证电子50指数收益率,0.5,0.1,2.76,20210930
510860.SH,兴业上证50ETF,兴业基金,20201113,股票型,被动指数型,上证50指数收益率,0.5,0.1,0.14,20210930
513300.SH,纳斯达克ETF,华夏基金,20201022,股票型,被动指数型,估值汇率调整后的纳斯达克100指数收益,0.6,0.2,3.49,20210930
501206.SH,添富创新未来,汇添富基金,20201013,混合型,混合型,中证800指数收益率*55%+恒生指数收益率(使用估值汇率折算)*25%+中债综合指数收益率*20%,1.5,0.2,78.64,20210930
501207.SH,华夏创新未来,华夏基金,20201013,混合型,混合型,中证800指数收益率*70%+上证国债指数收益率*20%+经汇率调整的恒生指数收益率*10%,1.5,0.2,85.88,20210930
501208.SH,中欧创新未来,中欧基金,20201009,混合型,混合型,中证800指数收益率*70%+银行活期存款利率(税后)*20%+恒生指数收益率*10%,1.5,0.2,106.12,20210930
501205.SH,鹏华创新未来,鹏华基金,20200930,混合型,混合型,中证800指数收益率*70%+中证综合债指数收益率*20%+恒生指数收益率*10%(经汇率估值调整),1.5,0.2,60.96,20210930
501203.SH,易方达创新未来,易方达基金,20200929,混合型,混合型,中证800指数收益率*65%+中债总指数收益率*20%+中证港股通综合指数收益率*15%,1.5,0.2,96.32,20210930
159821.SZ,BOCI创业板ETF,中银证券,20200929,股票型,被动指数型,创业板指数收益率,0.15,0.05,0.29,20210930
159822.SZ,新经济ETF,银华基金,20200929,股票型,被动指数型,标普中国新经济行业(A股上限)指数收益率,0.25,0.1,3.08,20210930
588090.SH,科创板ETF,华泰柏瑞基金,20200928,股票型,被动指数型,上证科创板50成份指数收益率,0.5,0.1,31.45,20210930
588050.SH,科创ETF,工银瑞信基金,20200928,股票型,被动指数型,上证科创板50成份指数收益率,0.5,0.1,49.72,20210930
588000.SH,科创50ETF,华夏基金,20200928,股票型,被动指数型,上证科创板50成份指数收益率,0.5,0.1,222.79,20210930
588080.SH,科创板50ETF,易方达基金,20200928,股票型,被动指数型,上证科创板50成份指数收益率,0.5,0.1,112.81,20210930
159823.SZ,H股ETF基金,嘉实基金,20200924,股票型,被动指数型,恒生中国企业指数收益率(使用估值汇率折算),0.15,0.05,0.6,20210930
162720.SZ,广发创业板定开,广发基金,20200924,混合型,混合型,创业板指数收益率*80%+中债综合财富(总值)指数收益率*20%,1.5,0.25,10.44,20210930
515530.SH,泰康中证500ETF,泰康资产,20200918,股票型,被动指数型,中证500指数收益率,0.4,0.05,0.53,20210930
515760.SH,浙江国资ETF,华夏基金,20200917,股票型,被动指数型,中证浙江国资创新发展指数收益率,0.45,0.05,2.58,20210930
510370.SH,兴业沪深300ETF,兴业基金,20200911,股票型,被动指数型,沪深300指数收益率,0.5,0.1,0.16,20210930
160529.SZ,创业板博时定开,博时基金,20200903,混合型,混合型,创业板综合指数收益率*60%+中债综合财富(总值)指数收益率*30%+中证港股通综合指数(人民币)收益率*10%,1.5,0.25,7.45,20210930
160143.SZ,创业板定开南方,南方基金,20200901,混合型,混合型,创业板指数收益率*60%+中债总指数收益率*30%+中证港股通综合指数收益率*10%,1.5,0.25,9.97,20210930
502056.SH,医疗基金LOF,广发基金,20200826,股票型,被动指数型,中证医疗指数收益率*95%+银行活期存款利率(税后)*5%,0.5,0.15,7.01,20210930
510760.SH,上证综指ETF,国泰基金,20200821,股票型,被动指数型,上证综合指数收益率,0.5,0.1,3.05,20210930
168207.SZ,创业定开,中融基金,20200821,混合型,混合型,创业板创新指数收益率*70%+中债综合财富指数收益率*25%+恒生指数收益率*5%,1.5,0.25,4.6,20210930
161914.SZ,创业板2年定开,万家基金,20200814,混合型,混合型,创业板综合指数收益率*80%+中债综合指数收益率*20%,1.5,0.25,16.92,20210930
515500.SH,中证长三角领先,海富通基金,20200813,股票型,被动指数型,中证长三角领先指数收益率,0.15,0.05,0.73,20210930
159820.SZ,中证500ETF天弘,天弘基金,20200807,股票型,被动指数型,中证500指数收益率,0.5,0.1,28.27,20210930
161121.SZ,银行LOF易方达,易方达基金,20200807,股票型,被动指数型,中证银行指数收益率*95%+活期存款利率(税后)*5%,0.5,0.1,13.81,20210930
159808.SZ,创业板ETF融通,融通基金,20200805,股票型,被动指数型,创业板指数收益率,0.3,0.1,0.7,20210930
513990.SH,港股通ETF,招商基金,20200803,股票型,被动指数型,上证港股通指数收益率,0.2,0.05,0.69,20210930
506001.SH,万家科创板,万家基金,20200803,混合型,混合型,中国战略新兴产业成份指数收益率*75%+中债综合指数收益率*25%,1.5,0.25,15.75,20210930
159815.SZ,浙江100ETF,招商基金,20200803,股票型,被动指数型,中证浙江100指数收益率,0.3,0.1,0.42,20210930
506005.SH,科创板博时,博时基金,20200729,混合型,混合型,中国战略新兴产业成份指数收益率*60%+中债综合财富(总值)指数收益率*30%+中证港股通综合指数(人民币)收益率*10%,1.5,0.25,29.04,20210930
506003.SH,富国科创板,富国基金,20200729,混合型,混合型,中国战略新兴产业成份指数收益率*70%+中债综合全价指数收益率*20%+恒生港股通指数收益率(使用估值汇率折算)*10%,1.5,0.25,30.08,20210930
506002.SH,易方达科创板,易方达基金,20200728,混合型,混合型,中国战略新兴产业成份指数收益率*65%+中债总指数收益率*25%+中证港股通综合指数收益率*10%,1.5,0.25,35.2,20210930
506006.SH,汇添富科创板,汇添富基金,20200728,混合型,混合型,中国战略新兴产业成份指数收益率*70%+中债综合财富指数收益率*20%+恒生指数收益率(使用估值汇率折算)*10%,1.5,0.25,36.01,20210930
506000.SH,科创板基金,南方基金,20200728,混合型,混合型,中国战略新兴产业成份指数收益率*65%+中债总指数收益率*30%+中证港股通综合指数(人民币)收益率*5%,1.5,0.25,34.78,20210930
159819.SZ,人工智能ETF,易方达基金,20200727,股票型,被动指数型,中证人工智能主题指数收益率,0.15,0.05,20.86,20210930
512350.SH,福建ETF,兴业基金,20200727,股票型,被动指数型,中证福建50指数收益率,0.5,0.1,0.06,20210930
160325.SZ,华夏创业板定开,华夏基金,20200724,混合型,混合型,创业板指数收益率*70%+银行活期存款利率(税后)*20%+恒生指数收益率(经汇率调整)*10%,1.5,0.25,33.11,20210930
501201.SH,科创红土,红土创新基金,20200723,混合型,灵活配置型,中国战略新兴产业成分指数收益率*50%+中证全债指数收益率*50%,1.5,0.25,4.64,20210930
515260.SH,电子ETF,华宝基金,20200717,股票型,被动指数型,中证电子50指数收益率,0.5,0.1,6.71,20210930
501202.SH,科创华泰,华泰证券资管,20200717,混合型,灵活配置型,中国战略新兴产业成份指数收益率*60%+中债综合指数收益率*40%,1.2,0.2,11.61,20210930
160926.SZ,创业板定开,大成基金,20200716,混合型,混合型,创业板综合指数收益率*60%+中债综合全价指数收益率*30%+恒生综合指数收益率*10%,1.5,0.25,34.54,20210930
515610.SH,中银中证800ETF,中银基金,20200716,股票型,被动指数型,中证800指数收益率,0.45,0.05,0.47,20210930
166027.SZ,中欧创业定开,中欧基金,20200716,混合型,混合型,创业板指数收益率*70%+中证短债指数收益率*20%+中证港股通指数收益率*10%,1.5,0.25,19.08,20210930
161040.SZ,创业富国定开,富国基金,20200714,混合型,混合型,创业板指数收益率*55%+中债综合全价指数收益率*40%+恒生指数收益率(使用估值汇率折算)*5%,1.5,0.25,42.33,20210930
159999.SZ,永赢中证500ETF,永赢基金,20200714,股票型,被动指数型,中证500指数收益率,0.15,0.05,0.56,20210930
510570.SH,兴业中证500ETF,兴业基金,20200630,股票型,被动指数型,中证500指数收益率,0.5,0.1,0.14,20210930
515560.SH,证券ETF建信,建信基金,20200629,股票型,被动指数型,中证全指证券公司指数,0.2,0.05,4.98,20210930
512320.SH,工银MSCI中国ETF,工银瑞信基金,20200629,股票型,被动指数型,MSCI中国A股人民币指数收益率,0.5,0.1,0.84,20210930
159814.SZ,创业大盘ETF,西部利得基金,20200619,股票型,被动指数型,创业板大盘指数收益率,0.5,0.1,1.11,20210930
159810.SZ,浦银创业板ETF,浦银安盛基金,20200612,股票型,被动指数型,创业板指数收益率,0.15,0.05,0.21,20210930
515830.SH,工银中证800ETF,工银瑞信基金,20200601,股票型,被动指数型,中证800指数收益率,0.45,0.07,0.22,20210930
513080.SH,法国CAC40ETF,华安基金,20200529,股票型,被动指数型,法国CAC40指数收益率(经汇率调整后),0.5,0.15,0.54,20210930
515100.SH,低波红利ETF,景顺长城基金,20200522,股票型,被动指数型,中证红利低波动100指数收益率,0.5,0.1,0.95,20210930
501200.SH,科创加银,民生加银基金,20200515,混合型,灵活配置型,中国战略新兴产业成份指数收益率*60%+中债综合指数收益率*30%+恒生互联网科技业指数收益率*10%,1.5,0.25,4.05,20210930
515820.SH,沪深800ETF,富国基金,20200513,股票型,被动指数型,中证800指数收益率,0.15,0.05,1.94,20210930
515770.SH,上投摩根MSCIAETF,上投摩根基金,20200513,股票型,被动指数型,MSCI中国A股人民币指数收益率,0.15,0.05,1.76,20210930
510690.SH,兴业金融ETF,兴业基金,20200508,股票型,被动指数型,上证180金融股指数收益率,0.5,0.1,0.08,20210930
167508.SZ,安信价值发现定开,安信基金,20200430,混合型,混合型,沪深300指数收益率*70%+中债总指数(全价)收益率*25%+恒生指数收益率*5%,1.5,0.25,5.61,20210930
515190.SH,中银证券500ETF,中银证券,20200430,股票型,被动指数型,中证500指数收益率,0.15,0.05,0.67,20210930
515780.SH,浦银MSCI中国ETF,浦银安盛基金,20200430,股票型,被动指数型,MSCI中国A股人民币指数收益率,0.15,0.05,2.82,20210930
515960.SH,医药健康ETF,嘉实基金,20200424,股票型,被动指数型,中证医药健康100策略指数收益率,0.5,0.1,2.84,20210930
159813.SZ,半导体ETF,鹏华基金,20200417,股票型,被动指数型,国证半导体芯片指数收益率,0.5,0.1,6.21,20210930
515670.SH,中银中证100ETF,中银基金,20200417,股票型,被动指数型,中证100指数收益率,0.45,0.09,0.84,20210930
515930.SH,永赢沪深300ETF,永赢基金,20200413,股票型,被动指数型,沪深300指数收益率,0.15,0.05,3.42,20210930
501099.SH,平安科技创新,平安基金,20200410,混合型,灵活配置型,中国战略新兴产业成份指数收益率*65%+中债总指数收益率*20%+恒生指数收益率(经汇率估值调整)*15%,1.5,0.25,3.73,20210930
510200.SH,上证券商ETF,汇安基金,20200409,股票型,被动指数型,上证证券行业指数,0.5,0.1,0.87,20210930
168701.SZ,金融科技LOF,合煦智远基金,20200403,股票型,被动指数型,国证香蜜湖金融科技指数,0.5,0.1,0.76,20210930
515130.SH,沪深300ETF博时,博时基金,20200403,股票型,被动指数型,沪深300指数收益率,0.15,0.05,2.64,20210930
515280.SH,银行龙头ETF,富国基金,20200401,股票型,被动指数型,中证银行指数收益率,0.5,0.1,0.6,20210930
164508.SZ,国富中证100LOF,国海富兰克林基金,20200327,股票型,增强指数型,中证100指数收益率*95%+银行同业存款利率*5%,0.85,0.15,0.31,20210930
159811.SZ,5G50ETF,博时基金,20200327,股票型,被动指数型,中证5G产业50指数收益率,0.45,0.1,3.19,20210930
501098.SH,科创建信,建信基金,20200326,混合型,灵活配置型,中国战略新兴产业成份指数收益率*50%+中证综合债指数收益率*45%+恒生指数收益率(使用估值汇率折算)*5%,1.2,0.2,4.23,20210930
501097.SH,科创国寿,国寿安保基金,20200326,混合型,灵活配置型,中证全债指数收益率*60%+中国战略新兴产业成份指数收益率*40%,1.2,0.2,4.27,20210930
159992.SZ,创新药ETF,银华基金,20200320,股票型,被动指数型,中证创新药产业指数,0.5,0.05,30.78,20210930
515690.SH,股息ETF,鹏华基金,20200320,股票型,被动指数型,中证高股息龙头指数收益率,0.2,0.1,0.99,20210930
501096.SH,国联安科创,国联安基金,20200320,混合型,灵活配置型,中国战略新兴产业成份指数收益率*50%+中债综合指数收益率*40%+恒生指数收益率(使用估值汇率折算)*10%,1.2,0.2,7.07,20210930
159998.SZ,计算机ETF,天弘基金,20200320,股票型,被动指数型,中证计算机主题指数收益率,0.5,0.1,16.35,20210930
160527.SZ,博时研究优选,博时基金,20200320,混合型,灵活配置型,沪深300指数收益率*60%+恒生指数收益率*20%+中债综合财富(总值)指数收益率*20%,1.5,0.25,23.15,20210930
515890.SH,红利ETF博时,博时基金,20200320,股票型,被动指数型,中证红利指数收益率,0.15,0.05,0.24,20210930
159991.SZ,创大盘ETF,招商基金,20200320,股票型,被动指数型,创业板大盘指数收益率,0.2,0.1,1.01,20210930
515510.SH,成长估值ETF,嘉实基金,20200316,股票型,被动指数型,中证500成长估值指数收益率,0.5,0.1,0.17,20210930
515950.SH,医药龙头ETF,富国基金,20200316,股票型,被动指数型,中证医药50指数收益率,0.5,0.1,2.14,20210930
159807.SZ,科技ETF,易方达基金,20200316,股票型,被动指数型,中证科技50指数收益率,0.15,0.05,7.42,20210930
513090.SH,香港证券ETF,易方达基金,20200313,股票型,被动指数型,中证香港证券投资主题指数收益率(使用估值汇率折算),0.15,0.05,9.61,20210930
501095.SH,中银证券科技创新,中银证券,20200312,混合型,灵活配置型,中国战略新兴产业成份指数收益率*55%+中债综合全价指数收益率*45%,1.2,0.2,9.58,20210930
159806.SZ,新能源车ETF,国泰基金,20200310,股票型,被动指数型,中证新能源汽车指数收益率,0.5,0.1,20.06,20210930
159805.SZ,传媒ETF,鹏华基金,20200306,股票型,被动指数型,中证传媒指数收益率,0.5,0.1,2.18,20210930
159978.SZ,大湾区ETF,建信基金,20200306,股票型,被动指数型,中证沪港深粤港澳大湾区发展主题指数,0.3,0.1,0.4,20210930
501093.SH,华夏翔阳LOF,华夏基金,20200306,混合型,混合型,中证800指数收益率*50%+中债综合指数收益率*30%+经汇率调整的恒生指数收益率*20%,1.5,0.25,31.15,20210930
159804.SZ,创中盘88ETF,国寿安保基金,20200304,股票型,被动指数型,国证创业板中盘精选88指数,0.3,0.1,1.94,20210930
515630.SH,证保ETF,鹏华基金,20200228,股票型,被动指数型,中证800证券保险指数收益率,0.5,0.1,1.52,20210930
159996.SZ,家电ETF,国泰基金,20200227,股票型,被动指数型,中证全指家用电器指数收益率,0.5,0.1,6.09,20210930
159997.SZ,电子ETF,天弘基金,20200227,股票型,被动指数型,中证电子指数收益率,0.5,0.1,12.91,20210930
159983.SZ,粤港澳大湾区ETF,华夏基金,20200225,股票型,被动指数型,粤港澳大湾区创新100指数收益率,0.3,0.1,1.14,20210930
501092.SH,交银瑞思,交银施罗德基金,20200221,混合型,混合型,沪深300指数收益率*70%+中证综合债券指数收益率*25%+恒生指数收益率*5%,1.5,0.25,60.85,20210930
515030.SH,新能源车ETF,华夏基金,20200220,股票型,被动指数型,中证新能源汽车指数收益率,0.5,0.1,88.8,20210930
502000.SH,500增强LOF,西部利得基金,20200219,股票型,增强指数型,中证500指数收益率*95%+商业银行活期存款利率(税后)*5%,1.0,0.2,22.6,20210930
169107.SZ,东方红恒阳定开,东证资管,20200213,混合型,混合型,沪深300指数收益率*70%+恒生指数收益率*20%+中国债券总指数收益率*10%,1.5,0.25,25.99,20210930
515160.SH,MSCI中国招商ETF,招商基金,20200203,股票型,被动指数型,MSCI中国A股国际通指数(MSCI China A Inclusion RMB Index)收益率,0.5,0.1,8.06,20210930
159994.SZ,5GETF,银华基金,20200122,股票型,被动指数型,中证5G通信主题指数,0.5,0.1,30.97,20210930
515210.SH,钢铁ETF,国泰基金,20200122,股票型,被动指数型,中证钢铁指数收益率,0.5,0.1,16.72,20210930
515850.SH,证券龙头ETF,富国基金,20200121,股票型,被动指数型,中证全指证券公司指数收益率,0.5,0.1,2.26,20210930
501091.SH,嘉实瑞熙,嘉实基金,20200120,混合型,混合型,沪深300指数收益率*60%+中债综合财富指数收益率*30%+恒生指数收益率*10%,1.5,0.25,19.01,20210930
515220.SH,煤炭ETF,国泰基金,20200120,股票型,被动指数型,中证煤炭指数收益率,0.5,0.1,35.12,20210930
159801.SZ,芯片龙头ETF,广发基金,20200120,股票型,被动指数型,国证半导体芯片指数收益率,0.5,0.1,18.99,20210930
159995.SZ,芯片ETF,华夏基金,20200120,股票型,被动指数型,国证半导体芯片指数收益率,0.5,0.1,164.93,20210930
515090.SH,可持续发展ETF,博时基金,20200119,股票型,被动指数型,中证可持续发展100指数收益率,0.5,0.1,1.8,20210930
515450.SH,红利低波50ETF,南方基金,20200117,股票型,被动指数型,标普中国A股大盘红利低波50指数收益率,0.5,0.1,1.71,20210930
515570.SH,山证红利ETF,山西证券,20200117,股票型,被动指数型,中证红利潜力指数收益率,0.5,0.1,0.49,20210930
515700.SH,新能车ETF,平安基金,20191231,股票型,被动指数型,中证新能源汽车产业指数收益率,0.15,0.05,57.5,20210930
515380.SH,泰康沪深300ETF,泰康资产,20191227,股票型,被动指数型,沪深300指数收益率,0.4,0.05,42.61,20210930
159993.SZ,龙头券商ETF,鹏华基金,20191226,股票型,被动指数型,国证证券龙头指数收益率,0.5,0.1,12.78,20210930
515350.SH,民生加银300ETF,民生加银基金,20191224,股票型,被动指数型,沪深300指数,0.15,0.05,2.45,20210930
515980.SH,人工智能ETF,华富基金,20191224,股票型,被动指数型,中证人工智能产业指数收益率,0.5,0.1,3.77,20210930
159986.SZ,消费100ETF,弘毅远方基金,20191219,股票型,被动指数型,国证消费100指数收益率,0.3,0.1,1.0,20210930
501090.SH,消费龙头LOF,华宝基金,20191219,股票型,被动指数型,中证消费龙头指数收益率*95%+人民币银行活期存款利率(税后)*5%,0.75,0.1,4.69,20210930
512730.SH,中证银行ETF,鹏华基金,20191219,股票型,被动指数型,中证银行指数收益率,0.3,0.1,2.91,20210930
159970.SZ,深100ETF工银,工银瑞信基金,20191219,股票型,被动指数型,深证100指数收益率,0.45,0.1,0.4,20210930
161837.SZ,银华大盘定开,银华基金,20191216,混合型,混合型,沪深300指数收益率*60%+恒生指数收益率(使用估值汇率调整)*20%+中证综合债指数收益率*20%,1.5,0.25,33.69,20210930
159979.SZ,湾创100ETF,广发基金,20191216,股票型,被动指数型,同期粤港澳大湾区创新100指数收益率,0.3,0.1,0.14,20210930
515390.SH,华安沪深300ETF,华安基金,20191213,股票型,被动指数型,沪深300指数收益率,0.15,0.05,2.76,20210930
515070.SH,人工智能AIETF,华夏基金,20191209,股票型,被动指数型,中证人工智能主题指数收益率,0.5,0.1,8.67,20210930
159990.SZ,小盘价值ETF,银华基金,20191206,股票型,被动指数型,巨潮小盘价值指数,0.5,0.1,1.18,20210930
167506.SZ,安信深圳科技LOF,安信基金,20191206,股票型,被动指数型,中证深圳科技创新主题指数收益率*95%+银行活期存款利率(税后)*5%,0.5,0.1,1.24,20210930
515870.SH,先进制造ETF,嘉实基金,20191205,股票型,被动指数型,中证先进制造100策略指数收益率,0.5,0.1,0.62,20210930
515330.SH,300ETF天弘,天弘基金,20191205,股票型,被动指数型,沪深300指数收益率,0.5,0.1,66.52,20210930
515310.SH,沪深300添富ETF,汇添富基金,20191204,股票型,被动指数型,沪深300指数收益率,0.15,0.05,2.08,20210930
501089.SH,消费红利增强LOF,方正富邦基金,20191129,股票型,增强指数型,中证主要消费红利指数收益率*95%+人民币银行活期存款收益率(税后)*5%,1.2,0.2,0.19,20210930
159984.SZ,湾区100ETF,南方基金,20191129,股票型,被动指数型,粤港澳大湾区创新100指数,0.3,0.1,0.77,20210930
515080.SH,中证红利ETF,招商基金,20191128,股票型,被动指数型,中证红利指数收益率,0.2,0.1,8.34,20210930
515060.SH,房地产ETF基金,华夏基金,20191128,股票型,被动指数型,中证全指房地产指数收益率,0.5,0.1,1.36,20210930
515180.SH,红利ETF易方达,易方达基金,20191126,股票型,被动指数型,中证红利指数收益率,0.15,0.05,13.14,20210930
515660.SH,国联安沪深300ETF,国联安基金,20191125,股票型,被动指数型,沪深300指数,0.3,0.05,6.81,20210930
159982.SZ,中证500ETF鹏华,鹏华基金,20191121,股票型,被动指数型,中证500指数收益率,0.15,0.05,4.75,20210930
515750.SH,科技50ETF,富国基金,20191115,股票型,被动指数型,中证科技50策略指数收益率,0.5,0.1,8.74,20210930
515550.SH,中融中证500ETF,中融基金,20191115,股票型,被动指数型,中证500指数收益率,0.3,0.1,0.28,20210930
515590.SH,500等权ETF,前海开源基金,20191114,股票型,被动指数型,中证500等权重指数,0.15,0.05,0.38,20210930
159975.SZ,深100ETF招商,招商基金,20191107,股票型,被动指数型,深证100指数(价格)收益率,0.2,0.1,1.31,20210930
515990.SH,国企一带一路ETF,汇添富基金,20191106,股票型,被动指数型,中证国企一带一路指数收益率,0.15,0.05,5.87,20210930
515110.SH,一带一路国企ETF,易方达基金,20191106,股票型,被动指数型,中证国企一带一路指数收益率,0.15,0.05,9.36,20210930
166107.SZ,多因子LOF,信达澳银基金,20191106,混合型,混合型,中证500指数收益率*95%+银行活期存款利率(税后)*5%,1.5,0.25,0.04,20210930
515150.SH,一带一路ETF,富国基金,20191106,股票型,被动指数型,中证国企一带一路指数收益率,0.15,0.05,13.42,20210930
162216.SZ,泰达500增强LOF,泰达宏利基金,20191106,股票型,增强指数型,中证500指数收益率*95%+1年期定期存款利率(税后)*5%,1.0,0.2,5.63,20210930
159976.SZ,湾创ETF,工银瑞信基金,20191101,股票型,被动指数型,粤港澳大湾区创新100指数收益率,0.25,0.05,1.62,20210930
159987.SZ,科技创新ETF,银华基金,20191101,股票型,被动指数型,中证研发创新100指数,0.3,0.08,0.98,20210930
515200.SH,创新100ETF,申万菱信基金,20191025,股票型,被动指数型,中证研发创新100指数,0.5,0.1,3.24,20210930
515020.SH,银行ETF华夏,华夏基金,20191024,股票型,被动指数型,中证银行指数收益率,0.5,0.1,5.1,20210930
510530.SH,工银中证500ETF,工银瑞信基金,20191017,股票型,被动指数型,中证500指数收益率,0.45,0.07,3.77,20210930
515650.SH,消费50ETF,富国基金,20191014,股票型,被动指数型,中证消费50指数收益率,0.5,0.1,15.37,20210930
502020.SH,上证50增强LOF,国金基金,20191014,股票型,增强指数型,上证50指数收益率*95%+同期银行活期存款利率(税后)*5%,1.0,0.1,0.37,20210930
515800.SH,800ETF,汇添富基金,20191008,股票型,被动指数型,中证800指数收益率,0.15,0.05,20.62,20210930
515810.SH,中证800ETF,易方达基金,20191008,股票型,被动指数型,中证800指数收益率,0.15,0.05,1.03,20210930
515580.SH,科技100ETF,华泰柏瑞基金,20190927,股票型,被动指数型,中证科技100指数收益率,0.5,0.1,5.29,20210930
167302.SZ,大湾区LOF,方正富邦基金,20190926,股票型,被动指数型,恒生沪深港通大湾区综合指数收益率*95%+人民币银行活期存款利率(税后)*5%,0.75,0.15,0.08,20210930
515520.SH,MSCI价值100ETF,大成基金,20190926,股票型,被动指数型,MSCI中国A股质优价值100指数,0.5,0.1,0.38,20210930
515860.SH,科技ETF基金,嘉实基金,20190926,股票型,被动指数型,中证新兴科技100策略指数收益率,0.5,0.1,2.65,20210930
515360.SH,方正沪深300ETF,方正富邦基金,20190924,股票型,被动指数型,沪深300指数收益率,0.5,0.1,2.56,20210930
512970.SH,大湾区ETF,平安基金,20190923,股票型,被动指数型,中证粤港澳大湾区发展主题指数收益率,0.15,0.05,4.03,20210930
161118.SZ,中小企业100LOF,易方达基金,20190920,股票型,被动指数型,中小企业100指数收益率*95%+活期存款利率(税后)*5%,1.0,0.22,2.69,20210930
159974.SZ,央企创新ETF,富国基金,20190920,股票型,被动指数型,中证央企创新驱动指数收益率,0.15,0.05,5.77,20210930
515600.SH,央企创新ETF,广发基金,20190920,股票型,被动指数型,中证央企创新驱动指数收益率,0.15,0.05,22.86,20210930
515680.SH,嘉实央企创新ETF,嘉实基金,20190920,股票型,被动指数型,中证央企创新驱动指数收益率,0.15,0.05,28.29,20210930
515900.SH,央创ETF,博时基金,20190920,股票型,被动指数型,中证央企创新驱动指数收益率,0.15,0.05,50.95,20210930
515010.SH,券商ETF基金,华夏基金,20190917,股票型,被动指数型,中证全指证券公司指数收益率,0.5,0.1,10.35,20210930
515050.SH,5GETF,华夏基金,20190917,股票型,被动指数型,中证5G通信主题指数收益率,0.5,0.1,138.25,20210930
159977.SZ,创业板ETF天弘,天弘基金,20190912,股票型,被动指数型,创业板指数收益率,0.5,0.1,38.83,20210930
510100.SH,上证50ETF易方达,易方达基金,20190906,股票型,被动指数型,上证50指数收益率,0.15,0.05,6.58,20210930
501088.SH,嘉实瑞虹,嘉实基金,20190904,混合型,混合型,沪深300指数收益率*60%+中债综合财富指数收益率*30%+恒生指数收益率*10%,1.5,0.25,36.49,20210930
501087.SH,交银瑞丰,交银施罗德基金,20190904,混合型,混合型,沪深300指数收益率*70%+中证综合债券指数收益率*25%+恒生指数收益率*5%,1.5,0.25,46.8,20210930
512530.SH,沪深300红利ETF,建信基金,20190823,股票型,被动指数型,沪深300红利指数,0.5,0.1,0.58,20210930
501086.SH,ESG基金LOF,华宝基金,20190821,股票型,被动指数型,MSCI中国A股国际通ESG通用指数*95%+人民币银行活期存款利率(税后)*5%,0.5,0.1,0.49,20210930
515880.SH,通信ETF,国泰基金,20190816,股票型,被动指数型,中证全指通信设备指数收益率,0.5,0.1,26.56,20210930
515300.SH,红利低波ETF基金,嘉实基金,20190808,股票型,被动指数型,沪深300红利低波动指数收益率,0.5,0.1,0.8,20210930
512190.SH,浙商之江凤凰ETF,浙商资管,20190805,股票型,被动指数型,中证浙江凤凰行动50指数收益率,0.5,0.1,0.5,20210930
159968.SZ,中证500ETF博时,博时基金,20190801,股票型,被动指数型,中证500指数收益率,0.15,0.05,5.26,20210930
512650.SH,长三角ETF,汇添富基金,20190726,股票型,被动指数型,中证长三角一体化发展主题指数收益率,0.15,0.05,18.37,20210930
512710.SH,军工龙头ETF,富国基金,20190723,股票型,被动指数型,中证军工龙头指数收益率,0.5,0.1,54.2,20210930
515000.SH,科技ETF,华宝基金,20190722,股票型,被动指数型,中证科技龙头指数收益率,0.5,0.1,47.84,20210930
501079.SH,科创大成,大成基金,20190718,混合型,灵活配置型,中国战略新兴产业成份指数收益率*60%+中债综合全价指数收益率*40%,1.2,0.2,22.05,20210930
161729.SZ,招商瑞利,招商基金,20190718,混合型,灵活配置型,沪深300指数收益率*60%+中证全债指数收益率*30%+恒生指数收益率(使用估值汇率折算)*10%,1.5,0.2,6.29,20210930
159973.SZ,民企领先100ETF,弘毅远方基金,20190716,股票型,被动指数型,国证民企领先100指数收益率,0.3,0.2,6.85,20210930
512930.SH,AIETF,平安基金,20190712,股票型,被动指数型,中证人工智能主题指数收益率,0.15,0.05,2.89,20210930
501085.SH,财通科创3年封闭,财通基金,20190711,混合型,灵活配置型,中国战略新兴产业成份指数收益率*75%+上证国债指数收益率*25%,1.5,0.25,14.31,20210930
501080.SH,科创主题投资基金,中金基金,20190711,混合型,灵活配置型,中国战略新兴产业成份指数收益率*65%+中债-综合全价(总值)指数收益率*35%,1.0,0.2,17.99,20210930
512720.SH,计算机ETF,国泰基金,20190711,股票型,被动指数型,中证计算机主题指数收益率,0.5,0.1,8.62,20210930
501083.SH,科创银华,银华基金,20190705,混合型,灵活配置型,中国战略新兴产业成份指数收益率*60%+中债综合财富指数收益率*40%,1.5,0.25,18.98,20210930
512670.SH,国防ETF,鹏华基金,20190705,股票型,被动指数型,中证国防指数收益率,0.3,0.1,18.91,20210930
159969.SZ,深100ETF银华,银华基金,20190628,股票型,被动指数型,深证100指数,0.2,0.1,0.42,20210930
501081.SH,科创中欧,中欧基金,20190628,混合型,灵活配置型,中国战略新兴产业成份指数收益率*50%+中债综合指数收益率*40%+恒生指数收益率*10%,1.5,0.25,19.5,20210930
501082.SH,科创投资LOF,博时基金,20190627,混合型,灵活配置型,中国战略新兴产业成份指数收益率*50%+中债综合财富(总值)指数收益率*30%+中证港股通综合指数(人民币)*20%,1.0,0.15,21.31,20210930
160645.SZ,鹏华精选回报定开,鹏华基金,20190625,混合型,混合型,沪深300指数收益率*60%+恒生指数收益率(经汇率调整后)*20%+中证综合债指数收益率*20%,1.5,0.25,4.23,20210930
159967.SZ,创成长ETF,华夏基金,20190621,股票型,被动指数型,创业板动量成长指数收益率,0.5,0.1,32.96,20210930
159966.SZ,创蓝筹ETF,华夏基金,20190614,股票型,被动指数型,创业板低波蓝筹指数收益率,0.5,0.1,7.37,20210930
513000.SH,日经225ETF易方达,易方达基金,20190612,股票型,被动指数型,日经225指数收益率(使用估值汇率折算),0.2,0.05,0.66,20210930
513520.SH,日经ETF,华夏基金,20190612,股票型,被动指数型,日经225指数收益率(经汇率调整后),0.2,0.05,0.67,20210930
513800.SH,东京证券指数ETF,南方基金,20190612,股票型,被动指数型,"东证指数(Tokyo Stock Price Index,“TOPIX”)(经汇率调整后)",0.2,0.05,0.55,20210930
513880.SH,日经225ETF,华安基金,20190612,股票型,被动指数型,日经225指数收益率(经汇率调整后),0.2,0.05,0.51,20210930
501075.SH,科创主题,万家基金,20190612,混合型,灵活配置型,中国战略新兴产业成份指数收益率*50%+中债综合指数收益率*50%,1.5,0.25,20.44,20210930
501078.SH,科创配置LOF,广发基金,20190611,混合型,灵活配置型,中国战略新兴产业成份指数收益率*60%+中债综合财富(总值)指数收益率*40%,1.5,0.25,24.48,20210930
501077.SH,科创富国,富国基金,20190611,混合型,灵活配置型,中国战略新兴产业成份指数收益率*50%+中债总指数收益率*50%,1.5,0.25,24.84,20210930
501073.SH,科创混合,华安基金,20190611,混合型,灵活配置型,中债综合指数收益率*60%+中国战略新兴产业成份指数收益率*40%,1.2,0.2,11.55,20210930
159971.SZ,创业板ETF富国,富国基金,20190611,股票型,被动指数型,创业板指数收益率,0.3,0.1,0.09,20210930
501076.SH,科创基金,鹏华基金,20190610,混合型,灵活配置型,中国战略新兴产业成份指数收益率*50%+中债总指数收益率*50%,1.2,0.2,16.2,20210930
501072.SH,标普红利增强LOF,国金基金,20190605,股票型,增强指数型,标普中国A股低波红利指数收益率*95%+人民币银行活期存款收益率(税后)*5%,1.2,0.2,0.02,20210930
160526.SZ,博时优势企业,博时基金,20190603,混合型,灵活配置型,沪深300指数收益率*60%+恒生指数收益率*20%+中债综合财富(总值)指数收益率*20%,1.5,0.25,15.32,20210930
512910.SH,中证100ETF,广发基金,20190527,股票型,被动指数型,中证100指数,0.5,0.1,5.47,20210930
512750.SH,基本面50ETF,嘉实基金,20190523,股票型,被动指数型,中证锐联基本面50指数收益率,0.5,0.1,1.37,20210930
510350.SH,工银沪深300ETF,工银瑞信基金,20190520,股票型,被动指数型,沪深300指数收益率,0.45,0.1,30.85,20210930
512170.SH,医疗ETF,华宝基金,20190520,股票型,被动指数型,中证医疗指数收益率,0.5,0.1,96.6,20210930
512760.SH,芯片ETF,国泰基金,20190516,股票型,被动指数型,中华交易服务半导体芯片行业指数收益率,0.5,0.1,120.12,20210930
161029.SZ,银行龙头LOF,富国基金,20190510,股票型,被动指数型,中证银行指数收益率*95%+银行人民币活期存款利率(税后)*5%,1.0,0.22,12.74,20210930
512480.SH,半导体ETF,国联安基金,20190508,股票型,被动指数型,中证全指半导体产品与设备指数收益率,0.5,0.1,90.63,20210930
166025.SZ,中欧远见定开,中欧基金,20190424,混合型,混合型,沪深300指数收益率*50%+中债综合指数收益率*40%+恒生指数收益率(使用估值汇率折算)*10%,1.5,0.25,55.89,20210930
512290.SH,生物医药ETF,国泰基金,20190418,股票型,被动指数型,中证生物医药指数收益率,0.5,0.1,29.18,20210930
512690.SH,酒ETF,鹏华基金,20190404,股票型,被动指数型,中证酒指数收益率,0.5,0.1,78.64,20210930
501071.SH,泓德丰泽,泓德基金,20190328,混合型,灵活配置型,中证800指数收益率*70%+中国债券综合全价指数收益率*30%,1.5,0.25,21.04,20210930
161912.SZ,社会责任定开,万家基金,20190321,混合型,混合型,沪深300指数收益率*80%+上证国债指数收益率*20%,1.5,0.25,14.02,20210930
160925.SZ,沪深港300LOF,大成基金,20190320,股票型,被动指数型,中华交易服务沪深港300指数(人民币)收益率*95%+人民币活期存款利率(税后)*5%,0.5,0.1,0.98,20210930
159965.SZ,央视50ETF,中融基金,20190319,股票型,被动指数型,央视财经50指数收益率,0.5,0.1,0.86,20210930
512380.SH,MSCI中国ETF,银华基金,20190319,股票型,被动指数型,MSCI中国A股人民币指数收益率,0.5,0.1,2.7,20210930
159964.SZ,平安创业板ETF,平安基金,20190315,股票型,被动指数型,创业板指数收益率,0.15,0.05,4.67,20210930
159962.SZ,四川ETF,华夏基金,20190306,股票型,被动指数型,中证四川国企改革指数收益率,0.5,0.05,0.57,20210930
501063.SH,添富悦享,汇添富基金,20190131,混合型,混合型,沪深300指数收益率*60%+恒生指数收益率(使用估值汇率折算)*20%+中债综合财富指数收益率*20%,1.5,0.25,2.4,20210930
501070.SH,广发睿阳,广发基金,20190131,混合型,混合型,中证800指数收益率*65%+中证全债指数收益率*35%,1.5,0.25,11.92,20210930
512590.SH,高股息ETF,浦银安盛基金,20190129,股票型,被动指数型,中证高股息精选指数收益率,0.5,0.1,1.13,20210930
501069.SH,质量基金LOF,华宝基金,20190124,股票型,被动指数型,标普中国A股质量价值指数收益率*95%+人民币银行活期存款利率(税后)*5%,0.75,0.1,0.18,20210930
501311.SH,新经济港股通LOF,嘉实基金,20190114,股票型,被动指数型,恒生港股通新经济指数收益率(人民币计价)*95%+银行活期存款利率(税后)*5%,0.75,0.15,12.98,20210930
501064.SH,国泰价值,国泰基金,20190110,混合型,灵活配置型,沪深300指数收益率*60%+中债综合指数收益率*40%,1.5,0.25,8.66,20210930
512150.SH,A50ETF,汇安基金,20181221,股票型,被动指数型,富时中国A50指数收益率,0.5,0.1,0.71,20210930
512890.SH,红利低波ETF,华泰柏瑞基金,20181219,股票型,被动指数型,中证红利低波动指数收益率,0.5,0.1,1.14,20210930
512870.SH,杭州湾区ETF,南华基金,20181214,股票型,被动指数型,中证杭州湾区指数收益率,0.5,0.1,0.67,20210930
513680.SH,恒生国企ETF,建信基金,20181213,股票型,被动指数型,恒生中国企业指数收益率(经汇率调整),0.5,0.1,0.3,20210930
510850.SH,工银上证50ETF,工银瑞信基金,20181207,股票型,被动指数型,上证50指数收益率,0.5,0.1,3.94,20210930
501065.SH,经典成长,汇添富基金,20181205,混合型,混合型,沪深300指数收益率*60%+恒生指数收益率(使用估值汇率折算)*20%+中债综合财富指数收益率*20%,1.5,0.25,13.82,20210930
501067.SH,富时AH50LOF,招商基金,20181203,股票型,被动指数型,富时中国A-H50指数收益率*95%+同期银行活期存款利率(税后)*5%,0.8,0.15,0.18,20210930
501068.SH,AH50LOF,招商基金,20181203,股票型,被动指数型,富时中国A-H50指数收益率*95%+同期银行活期存款利率(税后)*5%,0.8,0.15,0.06,20210930
512260.SH,中证500低波ETF,华安基金,20181130,股票型,被动指数型,中证500行业中性低波动指数收益率,0.5,0.1,1.41,20210930
510550.SH,方正中证500ETF,方正富邦基金,20181130,股票型,被动指数型,中证500指数收益率,0.5,0.1,0.2,20210930
512040.SH,价值100ETF,富国基金,20181107,股票型,被动指数型,中证国信价值指数收益率,0.6,0.1,2.03,20210930
512920.SH,MSCIETF新华,新华基金,20181107,股票型,被动指数型,MSCI中国A股国际指数收益率,0.5,0.1,0.17,20210930
501309.SH,港股通LOF,国泰基金,20181106,股票型,被动指数型,经人民币汇率调整的恒生港股通指数收益率*95%+银行活期存款利率(税后)*5%,0.75,0.2,0.34,20210930
501066.SH,东方红恒元,东证资管,20181102,混合型,灵活配置型,沪深300指数收益率*60%+恒生指数收益率*20%+中国债券总指数收益率*20%,1.5,0.25,25.16,20210930
159961.SZ,深100ETF方正富邦,方正富邦基金,20181102,股票型,被动指数型,深证100价格指数收益率,0.5,0.1,6.71,20210930
161132.SZ,易方达科顺定开,易方达基金,20181026,混合型,灵活配置型,中证800指数收益率*40%+中债总指数收益率*40%+中证港股通综合指数收益率*20%,1.5,0.25,5.7,20210930
501310.SH,价值基金LOF,华宝基金,20181025,股票型,被动指数型,标普沪港深中国增强价值指数收益率*95%+人民币银行活期存款利率(税后)*5%,0.75,0.15,1.49,20210930
512820.SH,银行业ETF,汇添富基金,20181023,股票型,被动指数型,中证银行指数收益率,0.5,0.1,7.35,20210930
159959.SZ,央企ETF,银华基金,20181022,股票型,被动指数型,中证央企结构调整指数收益率,0.15,0.05,25.86,20210930
512960.SH,央调ETF,博时基金,20181019,股票型,被动指数型,中证央企结构调整指数收益率,0.15,0.05,74.98,20210930
512950.SH,央企改革ETF,华夏基金,20181019,股票型,被动指数型,中证央企结构调整指数收益率,0.15,0.05,71.86,20210930
159960.SZ,H股ETF港股通,平安基金,20180921,股票型,被动指数型,恒生中国企业指数收益率(经汇率调整),0.5,0.1,4.86,20210930
501062.SH,南方瑞合LOF,南方基金,20180906,混合型,混合型,沪深300指数收益率*40%+上证国债指数收益率*40%+中证港股通综合指数(人民币)收益率*20%,1.5,0.25,7.51,20210930
510600.SH,申万上证50ETF,申万菱信基金,20180903,股票型,被动指数型,上证50指数,0.5,0.1,0.58,20210930
501061.SH,金选300C类LOF,中金基金,20180830,股票型,被动指数型,中证中金优选300指数收益率*95%+银行活期存款利率(税后)*5%,0.5,0.15,0.09,20210930
501060.SH,金选300A类LOF,中金基金,20180830,股票型,被动指数型,中证中金优选300指数收益率*95%+银行活期存款利率(税后)*5%,0.5,0.15,0.87,20210930
160726.SZ,嘉实瑞享定开,嘉实基金,20180803,混合型,灵活配置型,沪深300指数收益率*50%+恒生指数收益率*40%(人民币计价)+中债综合财富指数收益率*10%,2.0,0.25,28.13,20210930
512770.SH,战略新兴ETF,华夏基金,20180713,股票型,被动指数型,中国战略新兴产业成份指数(简称:新兴成指)指数收益率,0.5,0.1,4.47,20210930
501059.SH,国企红利LOF,西部利得基金,20180711,股票型,增强指数型,中证国有企业红利指数收益率*90%+商业银行活期存款利率(税后)*10%,1.0,0.25,1.06,20210930
501189.SH,嘉实产业优选LOF,嘉实基金,20180705,混合型,灵活配置型,沪深300指数收益率*45%+恒生指数收益率(人民币计价)*45%+中债综合财富指数收益率*10%,1.5,0.25,18.44,20210930
161728.SZ,招商优选LOF,招商基金,20180705,混合型,灵活配置型,沪深300指数收益率*60%+恒生综合指数收益率(经汇率调整后)*20%+中债综合(全价)指数收益率*20%,1.5,0.25,27.67,20210930
501188.SH,添富核心精选LOF,汇添富基金,20180705,混合型,灵活配置型,沪深300指数收益率*50%+中债综合指数收益率*30%+恒生指数收益率(使用估值汇率折算)*20%,1.5,0.25,29.12,20210930
160142.SZ,南方优势产业LOF,南方基金,20180705,混合型,灵活配置型,沪深300指数收益率*50%+上证国债指数收益率*30%+中证港股通综合指数(人民币)收益率*20%,1.5,0.25,28.35,20210930
501186.SH,华夏兴融LOF,华夏基金,20180705,混合型,灵活配置型,沪深300指数收益率*70%+上证国债指数收益率*30%,1.5,0.2,14.85,20210930
161131.SZ,易方达科润LOF,易方达基金,20180705,混合型,混合型,沪深300指数收益率*45%+中证港股通综合指数收益率*35%+中债总指数收益率*20%,1.5,0.25,32.72,20210930
164824.SZ,印度基金LOF,工银瑞信基金,20180615,股票型,股票型,中信证券印度ETP指数收益率*90%+人民币活期存款收益率(税后)*10%,1.6,0.2,2.33,20210930
512360.SH,平安MSCI国际ETF,平安基金,20180615,股票型,被动指数型,MSCI中国A股国际指数(MSCI China A International Index)收益率,0.5,0.1,2.59,20210930
512390.SH,平安MSCI低波ETF,平安基金,20180607,股票型,被动指数型,MSCI中国A股低波动指数(MSCI China A International Minimum Volatility Index)收益率,0.5,0.1,2.99,20210930
161039.SZ,1000增强LOF,富国基金,20180531,股票型,增强指数型,中证1000指数收益率*95%+银行人民币活期存款利率(税后)*5%,1.0,0.15,23.97,20210930
501058.SH,新能源车LOFC,汇添富基金,20180523,股票型,被动指数型,中证新能源汽车产业指数收益率*95%+银行人民币活期存款利率(税后)*5%,1.0,0.1,62.68,20210930
501057.SH,新能源车LOF,汇添富基金,20180523,股票型,被动指数型,中证新能源汽车产业指数收益率*95%+银行人民币活期存款利率(税后)*5%,1.0,0.1,90.93,20210930
512090.SH,MSCIA股ETF易方达,易方达基金,20180517,股票型,被动指数型,MSCI中国A股国际通指数(MSCI China A Inclusion RMB Index)收益率,0.15,0.05,5.89,20210930
513900.SH,港股通100ETF,华安基金,20180427,股票型,被动指数型,中华交易服务港股通精选100指数收益率(经汇率调整),0.6,0.1,2.52,20210930
512280.SH,景顺MSCIA股ETF,景顺长城基金,20180427,股票型,被动指数型,MSCI中国A股国际通指数收益率,0.5,0.1,1.78,20210930
512520.SH,MSCIETF,华泰柏瑞基金,20180426,股票型,被动指数型,MSCI中国A股国际通指数收益率,0.15,0.05,6.5,20210930
512780.SH,京津冀ETF,广发基金,20180419,股票型,被动指数型,中证京津冀协同发展主题指数收益率,0.5,0.1,0.15,20210930
512180.SH,MSCIA股ETF基金,建信基金,20180419,股票型,被动指数型,MSCI中国A股国际通指数收益率,0.5,0.1,1.89,20210930
501307.SH,银河高股息LOF,银河基金,20180410,股票型,被动指数型,中证沪港深高股息指数收益率*95%+银行活期存款利率(税后)*5%,0.5,0.18,0.19,20210930
512160.SH,MSCI中国A股ETF,南方基金,20180403,股票型,被动指数型,MSCI中国A股国际通指数收益率,0.5,0.1,5.63,20210930
162416.SZ,香港本地LOF,华宝基金,20180330,股票型,被动指数型,经人民币汇率调整的恒生香港35指数收益率*95%+人民币银行活期存款利率(税后)*5%,0.75,0.15,0.24,20210930
510590.SH,平安中证500ETF,平安基金,20180323,股票型,被动指数型,中证500指数收益率,0.5,0.1,13.22,20210930
169106.SZ,东方红创优定开,东证资管,20180322,混合型,混合型,中债综合指数收益率*80%+沪深300指数收益率*20%,0.7,0.2,14.32,20210930
159954.SZ,H股ETF,南方基金,20180208,股票型,被动指数型,恒生中国企业指数收益率(估值汇率调整),0.5,0.1,2.58,20210930
159956.SZ,创业板ETF建信,建信基金,20180206,股票型,被动指数型,创业板指数收益率,0.5,0.1,0.98,20210930
501054.SH,东方红睿泽,东证资管,20180131,混合型,灵活配置型,沪深300指数收益率*60%+恒生指数收益率*20%+中国债券总指数收益率*20%,1.5,0.25,135.81,20210930
163417.SZ,兴全合宜LOF,兴证全球基金,20180123,混合型,灵活配置型,沪深300指数收益率*60%+恒生指数收益率*20%+中国债券总指数收益率*20%,1.5,0.25,250.83,20210930
510380.SH,国寿300ETF,国寿安保基金,20180119,股票型,被动指数型,沪深300指数,0.5,0.1,28.19,20210930
512980.SH,传媒ETF,广发基金,20171227,股票型,被动指数型,中证传媒指数收益率,0.5,0.1,46.14,20210930
510390.SH,平安沪深300ETF,平安基金,20171225,股票型,被动指数型,沪深300指数收益率,0.5,0.1,16.41,20210930
159958.SZ,创业板ETF工银,工银瑞信基金,20171225,股票型,被动指数型,创业板指数收益率,0.5,0.1,2.62,20210930
510800.SH,50ETF基金,建信基金,20171222,股票型,被动指数型,上证50指数收益率,0.5,0.1,6.47,20210930
501053.SH,东方红目标优选,东证资管,20171218,混合型,混合型,中债综合指数收益率*80%+沪深300指数收益率*20%,0.7,0.2,7.96,20210930
159957.SZ,创业板ETF华夏,华夏基金,20171208,股票型,被动指数型,创业板指数,0.5,0.1,2.82,20210930
501047.SH,证券公司LOF,汇添富基金,20171204,股票型,被动指数型,中证全指证券公司指数收益率*95%+银行人民币活期存款利率(税后)*5%,0.5,0.1,9.97,20210930
501048.SH,证券公司LOFC,汇添富基金,20171204,股票型,被动指数型,中证全指证券公司指数收益率*95%+银行人民币活期存款利率(税后)*5%,0.5,0.1,11.41,20210930
501051.SH,圆信永丰汇利LOF,圆信永丰基金,20171130,混合型,混合型,沪深300指数收益率*60%+上证国债指数收益率*40%,1.5,0.15,3.38,20210930
501305.SH,港股高股息LOF,汇添富基金,20171124,股票型,被动指数型,中证港股通高股息投资指数收益率*95%+银行活期存款利率(税后)*5%,0.75,0.1,0.95,20210930
501306.SH,港股高股息LOFC,汇添富基金,20171124,股票型,被动指数型,中证港股通高股息投资指数收益率*95%+银行活期存款利率(税后)*5%,0.75,0.1,1.13,20210930
160644.SZ,港美互联网LOF,鹏华基金,20171116,股票型,股票型,中证海外中国互联网指数(人民币计价)*95%+人民币活期存款利率(税后)*5%,1.5,0.3,2.01,20210930
501049.SH,东方红睿玺,东证资管,20171115,混合型,灵活配置型,沪深300指数收益率*60%+恒生指数收益率*20%+中国债券总指数收益率*20%,1.5,0.25,161.21,20210930
166024.SZ,中欧恒利定开,中欧基金,20171101,混合型,混合型,沪深300指数收益率*60%+中债综合指数收益率*40%,1.5,0.25,4.39,20210930
160140.SZ,美国REIT精选LOF,南方基金,20171026,股票型,被动指数型,道琼斯美国精选REIT指数收益率*95%+银行人民币活期存款利率(税后)*5%,0.8,0.25,0.83,20210930
501046.SH,财通福鑫定开混合,财通基金,20171023,混合型,灵活配置型,沪深300指数收益率*55%+上证国债指数收益率*45%,1.5,0.25,3.18,20210930
501040.SH,添富睿丰LOFC,汇添富基金,20170929,混合型,混合型,中债综合指数收益率*80%+沪深300指数收益率*20%,1.2,0.2,0.31,20210930
501039.SH,添富睿丰LOF,汇添富基金,20170929,混合型,混合型,中债综合指数收益率*80%+沪深300指数收益率*20%,1.2,0.2,0.16,20210930
168002.SZ,国寿精选LOF,国寿安保基金,20170927,混合型,灵活配置型,沪深300指数收益率*50%+中债综合(全价)指数收益率*50%,0.6,0.1,3.09,20210930
501303.SH,恒生中型股LOF,广发基金,20170921,股票型,被动指数型,人民币计价的恒生综合中型股指数收益率*95%+人民币活期存款收益率(税后)*5%,0.5,0.1,0.25,20210930
501043.SH,沪深300LOF,汇添富基金,20170906,股票型,被动指数型,沪深300指数收益率*95%+银行人民币活期存款利率(税后)*5%,0.5,0.1,3.18,20210930
501045.SH,沪深300LOFC,汇添富基金,20170906,股票型,被动指数型,沪深300指数收益率*95%+银行人民币活期存款利率(税后)*5%,0.5,0.1,0.86,20210930
512200.SH,房地产ETF,南方基金,20170825,股票型,被动指数型,中证全指房地产指数收益率,0.5,0.1,16.04,20210930
501038.SH,银华明择,银华基金,20170811,混合型,混合型,沪深300指数收益率*55%+中国债券总指数收益率*45%,1.5,0.25,5.32,20210930
160924.SZ,恒生指数LOF,大成基金,20170810,股票型,被动指数型,恒生指数收益率*95%+人民币活期存款利率(税后)*5%,1.0,0.2,0.63,20210930
501037.SH,中证500LOFC,汇添富基金,20170810,股票型,被动指数型,中证500指数收益率*95%+银行人民币活期存款利率(税后)*5%,0.5,0.1,1.33,20210930
501036.SH,中证500LOF,汇添富基金,20170810,股票型,被动指数型,中证500指数收益率*95%+银行人民币活期存款利率(税后)*5%,0.5,0.1,2.59,20210930
512400.SH,有色金属ETF,南方基金,20170803,股票型,被动指数型,中证申万有色金属指数收益率,0.5,0.1,43.84,20210930
166023.SZ,中欧瑞丰LOF,中欧基金,20170731,混合型,灵活配置型,沪深300指数收益率*60%+中债综合指数收益率*40%,1.5,0.25,41.42,20210930
512570.SH,证券ETF易方达,易方达基金,20170727,股票型,被动指数型,中证全指证券公司指数,0.5,0.1,1.16,20210930
161038.SZ,成长LOF,富国基金,20170721,混合型,混合型,中证500指数收益率*47.5%+创业板指数收益率*47.5%+银行活期存款利率(税后)*5%,0.9,0.25,1.4,20210930
501302.SH,恒生指数基金LOF,南方基金,20170721,股票型,被动指数型,经估值汇率调整的恒生指数收益率*95%+人民币活期存款利率(税后)*5%,0.5,0.1,0.79,20210930
512800.SH,银行ETF,华宝基金,20170718,股票型,被动指数型,中证银行指数,0.5,0.1,88.37,20210930
159955.SZ,创业板ETF嘉实,嘉实基金,20170714,股票型,被动指数型,创业板指数收益率,0.5,0.1,0.19,20210930
512560.SH,军工ETF易方达,易方达基金,20170714,股票型,被动指数型,中证军工指数,0.5,0.1,6.66,20210930
512550.SH,A50ETF基金,嘉实基金,20170703,股票型,被动指数型,富时中国A50指数收益率,0.5,0.1,2.67,20210930
161715.SZ,大宗商品LOF,招商基金,20170629,股票型,被动指数型,中证大宗商品股票指数收益率*95%+商业银行活期存款利率(税后)*5%,0.75,0.15,2.85,20210930
512700.SH,银行ETF基金,南方基金,20170628,股票型,被动指数型,中证银行指数收益率,0.5,0.1,23.32,20210930
161130.SZ,纳斯达克100LOF,易方达基金,20170623,股票型,被动指数型,纳斯达克100指数收益率(使用估值汇率折算)*95%+活期存款利率(税后)*5%,0.8,0.25,9.37,20210930
160643.SZ,空天军工LOF,鹏华基金,20170613,股票型,被动指数型,中证空天一体军工指数收益率*95%+银行活期存款利率(税后)*5%,1.0,0.15,9.86,20210930
159951.SZ,中关村ETF,嘉实基金,20170607,股票型,被动指数型,中关村A股指数收益率,0.5,0.1,0.08,20210930
160324.SZ,华夏磐晟LOF,华夏基金,20170531,混合型,灵活配置型,沪深300指数收益率*50%+上证国债指数收益率*50%,1.5,0.25,0.9,20210930
163111.SZ,申万中小LOF,申万菱信基金,20170509,股票型,被动指数型,中小企业100指数收益率*95%+银行同业存款利率*5%,1.0,0.22,1.49,20210930
166402.SZ,基本面100LOF,浦银安盛基金,20170427,股票型,被动指数型,中证锐联沪港深基本面100指数收益率*95%+银行人民币活期存款利率(税后)*5%,1.0,0.22,0.2,20210930
161037.SZ,高端制造LOF,富国基金,20170427,股票型,增强指数型,中证高端制造主题指数收益率*95%+银行人民币活期存款利率(税后)*5%,1.2,0.2,1.73,20210930
501016.SH,券商基金LOF,国泰基金,20170427,股票型,被动指数型,中证申万证券行业指数收益率*95%+银行活期存款利率(税后)*5%,0.5,0.15,21.34,20210930
167003.SZ,鼎弘LOF,平安基金,20170426,混合型,混合型,中证综合债指数收益率*80%+沪深300指数收益率*20%,1.2,0.25,0.08,20210930
159952.SZ,创业板ETF广发,广发基金,20170425,股票型,被动指数型,创业板指数收益率,0.15,0.05,16.84,20210930
501301.SH,香港大盘LOF,华宝基金,20170420,股票型,被动指数型,经人民币汇率调整的恒生中国(香港上市)25指数收益率*95%+人民币银行活期存款利率(税后)*5%,0.75,0.15,1.51,20210930
160723.SZ,嘉实原油LOF,嘉实基金,20170420,股票型,股票型,WTI原油价格收益率*100%,1.0,0.28,3.96,20210930
161631.SZ,人工智能LOF,融通基金,20170410,股票型,被动指数型,中证人工智能主题指数收益率*95%+银行人民币活期存款利率(税后)*5%,0.8,0.15,6.26,20210930
501019.SH,军工基金LOF,国泰基金,20170329,股票型,被动指数型,国证航天军工指数收益率*95%+银行活期存款利率(税后)*5%,0.5,0.15,12.07,20210930
161036.SZ,娱乐增强LOF,富国基金,20170313,股票型,增强指数型,中证娱乐主题指数收益率*95%+银行人民币活期存款利率(税后)*5%,1.2,0.25,0.91,20210930
512900.SH,证券ETF基金,南方基金,20170310,股票型,被动指数型,中证全指证券公司指数收益率,0.5,0.1,78.73,20210930
501027.SH,国泰融信LOF,国泰基金,20170302,混合型,灵活配置型,沪深300指数收益率*60%+中证综合债指数收益率*40%,0.9,0.25,10.57,20210930
162719.SZ,石油LOF,广发基金,20170228,股票型,被动指数型,人民币计价的道琼斯美国石油开发与生产指数收益率*95%+人民币活期存款收益率(税后)*5%,1.0,0.3,2.48,20210930
501032.SH,财通福盛混合LOF,财通基金,20170125,混合型,混合型,沪深300指数收益率*70%+中债综合全价指数收益率*30%,1.5,0.25,0.74,20210930
512580.SH,碳中和龙头ETF,广发基金,20170125,股票型,被动指数型,中证环保产业指数收益率,0.5,0.1,26.07,20210930
161233.SZ,国投瑞泰LOF,国投瑞银基金,20170123,混合型,灵活配置型,沪深300指数收益率*50%+中债综合指数收益率*50%,1.5,0.25,5.56,20210930
501029.SH,红利基金LOF,华宝基金,20170118,股票型,被动指数型,标普中国A股红利机会指数收益率*95%+同期银行活期存款利率(税后)*5%,0.75,0.15,9.95,20210930
513050.SH,中概互联网ETF,易方达基金,20170104,股票型,被动指数型,中证海外中国互联网50指数,0.6,0.25,267.31,20210930
168401.SZ,红土创新精选LOF,红土创新基金,20161230,混合型,灵活配置型,沪深300指数收益率*60%+中证全债指数收益率*40%,1.5,0.25,0.94,20210930
501012.SH,中药基金LOFC,汇添富基金,20161229,股票型,被动指数型,中证中药指数收益率*95%+银行人民币活期存款利率(税后)*5%,0.75,0.1,1.75,20210930
501031.SH,环境治理LOFC,汇添富基金,20161229,股票型,被动指数型,中证环境治理指数收益率*95%+银行人民币活期存款利率(税后)*5%,1.0,0.1,4.19,20210930
501011.SH,中药基金LOF,汇添富基金,20161229,股票型,被动指数型,中证中药指数收益率*95%+银行人民币活期存款利率(税后)*5%,0.75,0.1,5.79,20210930
501030.SH,环境治理LOF,汇添富基金,20161229,股票型,被动指数型,中证环境治理指数收益率*95%+银行人民币活期存款利率(税后)*5%,1.0,0.1,6.03,20210930
160323.SZ,华夏磐泰LOF,华夏基金,20161226,混合型,混合型,上证国债指数收益率*70%+沪深300指数收益率*30%,1.0,0.2,8.74,20210930
501009.SH,生物科技LOF,汇添富基金,20161222,股票型,被动指数型,中证生物科技主题指数收益率*95%+银行人民币活期存款利率(税后)*5%,0.75,0.1,17.77,20210930
501007.SH,互联网医疗LOF,汇添富基金,20161222,股票型,被动指数型,中证互联网医疗主题指数收益率*95%+银行人民币活期存款利率(税后)*5%,0.75,0.1,0.43,20210930
501008.SH,互联网医疗LOFC,汇添富基金,20161222,股票型,被动指数型,中证互联网医疗主题指数收益率*95%+银行人民币活期存款利率(税后)*5%,0.75,0.1,0.15,20210930
501010.SH,生物科技LOFC,汇添富基金,20161222,股票型,被动指数型,中证生物科技主题指数收益率*95%+银行人民币活期存款利率(税后)*5%,0.75,0.1,11.59,20210930
168301.SZ,东海祥龙LOF,东海基金,20161221,混合型,灵活配置型,沪深300指数收益率*50%+中债综合指数收益率*50%,1.5,0.25,0.22,20210930
162717.SZ,再融资LOF,广发基金,20161219,混合型,灵活配置型,中证800指数收益率*55%+中证全债指数收益率*45%,0.6,0.2,2.3,20210930
161128.SZ,标普信息科技LOF,易方达基金,20161213,股票型,被动指数型,标普500信息科技指数收益率(使用估值汇率折算)*95%+活期存款利率(税后)*5%,0.8,0.25,6.04,20210930
161127.SZ,标普生物科技LOF,易方达基金,20161213,股票型,被动指数型,标普生物科技精选行业指数收益率(使用估值汇率折算)*95%+活期存款利率(税后)*5%,0.8,0.25,1.55,20210930
169201.SZ,浙商鼎盈LOF,浙商资管,20161207,混合型,灵活配置型,沪深300指数收益率*70%+中国债券总指数收益率*30%,1.5,0.25,0.32,20210930
160922.SZ,恒生中小LOF,大成基金,20161202,股票型,被动指数型,恒生综合中小型股指数收益率*95%+人民币活期存款利率(税后)*5%,1.0,0.25,0.09,20210930
161125.SZ,标普500LOF,易方达基金,20161202,股票型,被动指数型,标普500指数收益率(使用估值汇率折算)*95%+活期存款利率(税后)*5%,0.8,0.25,5.67,20210930
161126.SZ,标普医疗保健LOF,易方达基金,20161128,股票型,被动指数型,标普500医疗保健等权重指数收益率(使用估值汇率折算)*95%+活期存款利率(税后)*5%,0.8,0.25,0.53,20210930
501028.SH,财通福瑞混合LOF,财通基金,20161122,混合型,混合型,沪深300指数收益率*55%+上证国债指数收益率*45%,1.5,0.25,1.18,20210930
160223.SZ,创业板LOF,国泰基金,20161111,股票型,被动指数型,创业板指数收益率*95%+银行活期存款利率(税后)*5%,0.5,0.15,1.74,20210930
160322.SZ,港股精选LOF,华夏基金,20161111,股票型,股票型,恒生综合指数收益率*90%+同期人民币活期存款利率*10%,1.5,0.25,30.35,20210930
161035.SZ,医药增强LOF,富国基金,20161111,股票型,增强指数型,中证医药主题指数收益率*95%+银行人民币活期存款利率(税后)*5%,1.2,0.2,5.83,20210930
501025.SH,港股通银行LOF,鹏华基金,20161110,股票型,被动指数型,中证香港银行投资指数收益率*95%+银行活期存款利率(税后)*5%,0.75,0.15,4.59,20210930
161124.SZ,港股小盘LOF,易方达基金,20161102,股票型,被动指数型,恒生综合小型股指数收益率(使用估值汇率折算)*95%+活期存款利率(税后)*5%,0.8,0.25,0.28,20210930
501050.SH,50AHLOF,华夏基金,20161027,股票型,被动指数型,上证50AH优选指数收益率*95%+银行活期存款利率(税后)*5%,0.5,0.1,24.55,20210930
501022.SH,银华鑫盛LOF,银华基金,20161014,混合型,灵活配置型,沪深300指数收益率*50%+中国债券总指数收益率*50%,1.5,0.25,5.77,20210930
501023.SH,港中小企LOF,鹏华基金,20160929,股票型,被动指数型,中证香港中小企业投资主题指数收益率*95%+银行活期存款利率(税后)*5%,0.75,0.15,0.08,20211019
512100.SH,中证1000ETF,南方基金,20160929,股票型,被动指数型,中证1000指数,0.5,0.1,14.43,20210930
160722.SZ,嘉实惠泽LOF,嘉实基金,20160929,混合型,灵活配置型,沪深300指数收益率*50%+中债综合指数收益率*50%,1.5,0.25,0.83,20210930
165317.SZ,建信丰裕LOF,建信基金,20160929,混合型,灵活配置型,沪深300指数收益率*50%+中债综合指数收益率(全价)*50%,1.5,0.25,0.67,20210930
168105.SZ,九泰泰富,九泰基金,20160926,混合型,灵活配置型,沪深300指数收益率*60%+中债总指数(总值)财富指数收益率*40%,2.0,0.25,3.18,20210930
160642.SZ,鹏华增瑞LOF,鹏华基金,20160920,混合型,灵活配置型,沪深300指数收益率*60%+中证综合债指数收益率*40%,1.5,0.25,8.08,20210930
167002.SZ,鼎越LOF,平安基金,20160920,混合型,灵活配置型,沪深300指数收益率*50%+中证综合债指数收益率*50%,1.5,0.25,1.71,20210930
501026.SH,财通福享混合LOF,财通基金,20160918,混合型,灵活配置型,沪深300指数收益率*55%+上证国债指数收益率*45%,1.5,0.25,2.22,20210930
160421.SZ,华安智增LOF,华安基金,20160913,混合型,灵活配置型,沪深300指数收益率*50%+中国债券总指数收益率*50%,1.5,0.25,1.54,20210930
512000.SH,券商ETF,华宝基金,20160830,股票型,被动指数型,中证全指证券公司指数,0.5,0.1,226.33,20210930
512680.SH,中证军工ETF,广发基金,20160830,股票型,被动指数型,中证军工指数收益率,0.5,0.1,40.6,20210930
168104.SZ,九泰锐丰LOF,九泰基金,20160830,混合型,灵活配置型,沪深300指数收益率*60%+中债总指数(总值)财富指数收益率*40%,1.5,0.25,0.81,20210930
160921.SZ,多策略LOF,大成基金,20160819,混合型,灵活配置型,沪深300指数收益率*60%+中债综合指数收益率*40%,1.5,0.25,2.67,20210930
168103.SZ,九泰锐益LOF,九泰基金,20160811,混合型,灵活配置型,沪深300指数收益率*60%+中债总指数(总值)财富指数收益率*40%,2.0,0.25,8.99,20210930
512810.SH,国防军工ETF,华宝基金,20160805,股票型,被动指数型,中证军工指数,0.5,0.1,2.74,20210930
169105.SZ,东方红睿华LOF,东证资管,20160804,混合型,灵活配置型,沪深300指数收益率*60%+恒生指数收益率*20%+中国债券总指数收益率*20%,1.5,0.25,30.82,20210930
161834.SZ,银华鑫锐LOF,银华基金,20160801,混合型,灵活配置型,沪深300指数收益率*50%+中国债券总指数收益率*50%,1.5,0.25,19.56,20210930
510810.SH,上海国企ETF,汇添富基金,20160728,股票型,被动指数型,中证上海国企指数,0.45,0.1,80.45,20210930
165525.SZ,基建工程LOF,中信保诚基金,20160727,股票型,被动指数型,中证基建工程指数收益率*95%+金融同业存款利率*5%,1.0,0.22,12.64,20210930
512880.SH,证券ETF,国泰基金,20160726,股票型,被动指数型,中证全指证券公司指数收益率,0.5,0.1,338.49,20210930
512660.SH,军工ETF,国泰基金,20160726,股票型,被动指数型,中证军工指数收益率,0.5,0.1,142.8,20210930
167001.SZ,鼎泰LOF,平安基金,20160721,混合型,灵活配置型,沪深300指数收益率*50%+中证综合债指数收益率*50%,1.5,0.25,6.02,20210930
164403.SZ,农业精选LOF,前海开源基金,20160720,混合型,灵活配置型,中证大农业指数收益率*60%+中证全债指数收益率*30%+恒生指数收益率*10%,1.5,0.25,6.24,20210930
160635.SZ,医药LOF基金,鹏华基金,20160715,股票型,被动指数型,中证医药卫生指数收益率*95%+商业银行活期存款利率(税后)*5%,0.75,0.15,0.99,20210930
160225.SZ,新能源汽车LOF,国泰基金,20160701,股票型,被动指数型,国证新能源汽车指数收益率*95%+银行活期存款利率(税后)*5%,0.5,0.2,30.32,20210930
159949.SZ,创业板50ETF,华安基金,20160630,股票型,被动指数型,创业板50指数收益率,0.5,0.1,96.13,20210930
169104.SZ,东方红睿满LOF,东证资管,20160628,混合型,灵活配置型,沪深300指数收益率*60%+恒生指数收益率*20%+中国债券总指数收益率*20%,1.5,0.25,70.3,20210930
501021.SH,香港中小LOF,华宝基金,20160624,股票型,被动指数型,经人民币汇率调整的标普香港上市中国中小盘指数收益率*95%+人民币活期存款利率(税后)*5%,1.0,0.25,7.64,20210930
501018.SH,南方原油LOF,南方基金,20160615,混合型,原油主题基金,WTI原油价格收益率*60%+BRENT原油价格收益率*40%,1.0,0.28,7.32,20210930
161727.SZ,招商增荣LOF,招商基金,20160603,混合型,灵活配置型,沪深300指数收益率*50%+中债综合指数收益率*50%,1.5,0.15,0.5,20210930
160519.SZ,博时睿利LOF,博时基金,20160531,混合型,灵活配置型,沪深300指数收益率*50%+中债综合指数收益率*50%,1.5,0.25,1.5,20210930
501017.SH,国泰融丰LOF,国泰基金,20160526,混合型,灵活配置型,沪深300指数收益率*60%+中证综合债指数收益率*40%,1.5,0.25,9.96,20210930
161232.SZ,国投瑞盛LOF,国投瑞银基金,20160525,混合型,灵活配置型,沪深300指数收益率*50%+中债综合指数收益率*50%,1.5,0.25,4.46,20210930
165528.SZ,信诚鼎利LOF,中信保诚基金,20160524,混合型,灵活配置型,沪深300指数收益率*50%+中证综合债指数收益率*50%,1.5,0.25,0.55,20210930
159948.SZ,创业板ETF南方,南方基金,20160513,股票型,被动指数型,创业板指数收益率,0.15,0.05,24.33,20210930
160518.SZ,博时睿远LOF,博时基金,20160415,混合型,灵活配置型,沪深300指数收益率*50%+中债综合指数收益率*50%,1.5,0.25,2.25,20210930
162415.SZ,美国消费LOF,华宝基金,20160318,股票型,被动指数型,经人民币汇率调整的标普美国品质消费股票指数收益率*95%+人民币活期存款利率(税后)*5%,1.0,0.25,2.86,20210930
501015.SH,财通升级混合LOF,财通基金,20160309,混合型,灵活配置型,沪深300指数收益率*55%+上证国债指数收益率*45%,1.5,0.25,1.63,20210930
161033.SZ,智能汽车LOF,富国基金,20160216,股票型,被动指数型,中证智能汽车主题指数收益率*95%+银行人民币活期存款利率(税后)*5%,1.0,0.2,2.82,20210930
168102.SZ,九泰锐富LOF,九泰基金,20160204,混合型,混合型,沪深300指数收益率*60%+中国债券总指数收益率*40%,1.5,0.25,4.39,20210930
501005.SH,精准医疗LOF,汇添富基金,20160121,股票型,被动指数型,中证精准医疗主题指数收益率*95%+银行人民币活期存款利率(税后)*5%,0.75,0.1,10.5,20210930
169103.SZ,东方红睿轩定开,东证资管,20160120,混合型,灵活配置型,沪深300指数*60%+恒生指数*20%+中国债券总指数收益率*20%,1.5,0.25,45.42,20210930
161229.SZ,国投中国价值LOF,国投瑞银基金,20151221,股票型,股票型,MSCI中国指数*95%+同期人民币一年期定期存款利率(税后)*5%,1.8,0.3,1.67,20210930
510580.SH,中证500ETF易方达,易方达基金,20150827,股票型,被动指数型,中证500指数,0.15,0.05,14.01,20210930
510360.SH,沪深300ETF基金,广发基金,20150820,股票型,被动指数型,沪深300指数收益率,0.5,0.1,18.53,20210930
161227.SZ,国投深证100LOF,国投瑞银基金,20150814,股票型,被动指数型,深证100价格指数收益率*95%+银行活期存款利率(税后)*5%,0.75,0.15,4.0,20210930
168101.SZ,九泰锐智LOF,九泰基金,20150814,混合型,灵活配置型,沪深300指数收益率*60%+中国债券总指数收益率*40%,2.0,0.25,1.11,20210930
502053.SH,券商LOF,长盛基金,20150813,股票型,被动指数型,中证全指证券公司指数收益率*95%+银行活期存款利率(税后)*5%,1.0,0.22,4.57,20210930
502023.SH,钢铁LOF,鹏华基金,20150813,股票型,被动指数型,国证钢铁行业指数收益率*95%+商业银行活期存款利率(税后)*5%,1.0,0.22,14.38,20210930
502040.SH,上证50LOF基金,长盛基金,20150813,股票型,被动指数型,上证50指数收益率*95%+银行活期存款利率(税后)*5%,1.0,0.22,1.1,20210930
167301.SZ,保险主题LOF,方正富邦基金,20150731,股票型,被动指数型,中证方正富邦保险主题指数收益率*95%+金融机构人民币活期存款基准利率(税后)*5%,1.0,0.2,43.66,20210930
502003.SH,军工LOF,易方达基金,20150708,股票型,被动指数型,中证军工指数收益率*95%+同期银行活期存款利率(税后)*5%,1.0,0.22,8.15,20210930
502010.SH,证券LOF,易方达基金,20150708,股票型,被动指数型,中证全指证券公司指数收益率*95%+同期银行活期存款利率(税后)*5%,1.0,0.22,13.48,20210930
184801.SZ,鹏华前海REIT,鹏华基金,20150706,混合型,混合型,十年期国债收益率+1.5%,0.65,0.1,32.03,20210930
501000.SH,国金鑫新LOF,国金基金,20150703,混合型,灵活配置型,一年期银行定期存款利率(税后)+3%,1.2,0.1,0.01,20210930
501001.SH,财通精选混合LOF,财通基金,20150701,混合型,灵活配置型,沪深300指数收益率*55%+上证国债指数收益率*45%,1.5,0.25,2.1,20210930
512330.SH,信息科技ETF,南方基金,20150629,股票型,被动指数型,中证500信息技术指数,0.5,0.1,6.46,20210930
159944.SZ,材料ETF,广发基金,20150625,股票型,被动指数型,中证全指原材料指数,0.5,0.1,0.26,20210930
168204.SZ,煤炭LOF,中融基金,20150625,股票型,被动指数型,中证煤炭指数收益率*95%+同期银行活期存款利率(税后)*5%,1.0,0.22,11.21,20210930
161030.SZ,体育LOF,富国基金,20150625,股票型,被动指数型,中证体育产业指数收益率*95%+银行人民币活期存款利率(税后)*5%,1.0,0.22,2.63,20210930
159945.SZ,能源ETF基金,广发基金,20150625,股票型,被动指数型,中证全指能源指数,0.5,0.1,0.69,20210930
168203.SZ,钢铁LOF,中融基金,20150619,股票型,被动指数型,国证钢铁行业指数收益率*95%+同期银行活期存款利率(税后)*5%,1.0,0.22,4.41,20210930
163118.SZ,医药生物LOF,申万菱信基金,20150619,股票型,被动指数型,中证申万医药生物指数收益率*95%+银行同业存款利率*5%,1.0,0.22,2.8,20210930
161032.SZ,煤炭龙头LOF,富国基金,20150619,股票型,被动指数型,中证煤炭指数收益率*95%+银行人民币活期存款利率(税后)*5%,1.0,0.12,28.75,20210930
502006.SH,国企改革LOF,易方达基金,20150615,股票型,被动指数型,中证国有企业改革指数收益率*95%+同期银行活期存款利率(税后)*5%,1.0,0.22,1.17,20210930
161031.SZ,工业40LOF,富国基金,20150615,股票型,被动指数型,中证工业4.0指数收益率*95%+银行人民币活期存款利率(税后)*5%,1.0,0.22,10.49,20210930
162414.SZ,新机遇LOF,华宝基金,20150611,混合型,灵活配置型,1年期银行定期存款基准利率(税后)+3%,0.6,0.25,2.49,20210930
159941.SZ,纳指ETF,广发基金,20150610,股票型,被动指数型,纳斯达克100指数(Nasdaq-100 Index)收益率(经汇率调整后的总收益指数收益率),0.8,0.25,7.19,20210930
160135.SZ,高铁基金LOF,南方基金,20150610,股票型,被动指数型,中证高铁产业指数收益率*95%+银行人民币活期存款利率(税后)*5%,1.0,0.2,2.47,20210930
160637.SZ,创业板LOF基金,鹏华基金,20150609,股票型,被动指数型,创业板指数收益率*95%+商业银行活期存款利率(税后)*5%,1.0,0.22,1.38,20210930
159943.SZ,深证成指ETF,大成基金,20150605,股票型,被动指数型,深证成份指数,0.5,0.1,1.15,20210930
161123.SZ,并购重组LOF,易方达基金,20150603,股票型,被动指数型,中证万得并购重组指数收益率*95%+活期存款利率(税后)*5%,1.0,0.22,5.63,20210930
161122.SZ,生物科技LOF,易方达基金,20150603,股票型,被动指数型,中证万得生物科技指数收益率*95%+活期存款利率(税后)*5%,0.5,0.1,9.61,20210930
502013.SH,一带一路LOF,长盛基金,20150529,股票型,被动指数型,中证申万一带一路主题指数收益率*95%+银行活期存款利率(税后)*5%,1.0,0.22,4.1,20210930
510560.SH,国寿500ETF,国寿安保基金,20150529,股票型,被动指数型,中证500指数,0.5,0.1,2.64,20210930
160639.SZ,高铁LOF,鹏华基金,20150527,股票型,被动指数型,中证高铁产业指数收益率*95%+商业银行活期存款利率(税后)*5%,1.0,0.22,1.13,20210930
161726.SZ,生物医药LOF,招商基金,20150527,股票型,被动指数型,国证生物医药指数收益率*95%+金融机构人民币活期存款基准利率(税后)*5%,1.0,0.22,111.93,20210930
161725.SZ,白酒基金LOF,招商基金,20150527,股票型,被动指数型,中证白酒指数收益率*95%+金融机构人民币活期存款基准利率(税后)*5%,1.0,0.22,842.2,20210930
510710.SH,上证50ETF博时,博时基金,20150527,股票型,被动指数型,上证50指数,0.3,0.1,5.88,20210930
164906.SZ,中概互联网LOF,交银施罗德基金,20150527,股票型,被动指数型,中证海外中国互联网指数收益率*95%+银行活期存款利率(税后)*5%,1.2,0.25,87.69,20210930
160806.SZ,长盛中证800LOF,长盛基金,20150522,股票型,被动指数型,中证800指数收益率*95%+一年期银行定期存款利率(税后)*5%,1.0,0.22,1.54,20210930
162412.SZ,医疗基金LOF,华宝基金,20150521,股票型,被动指数型,中证医疗指数收益率*95%+同期银行活期存款利率(税后)*5%,0.5,0.1,41.24,20210930
161724.SZ,煤炭等权LOF,招商基金,20150520,股票型,被动指数型,中证煤炭等权指数收益率*95%+金融机构人民币活期存款基准利率(税后)*5%,1.0,0.22,27.41,20210930
161225.SZ,国投瑞盈LOF,国投瑞银基金,20150519,混合型,灵活配置型,沪深300指数收益率*50%+中债综合指数收益率*50%,1.5,0.25,1.65,20210930
160638.SZ,带路LOF,鹏华基金,20150518,股票型,被动指数型,中证一带一路主题指数收益率*95%+商业银行活期存款利率(税后)*5%,1.0,0.22,3.91,20210930
163116.SZ,申万电子LOF,申万菱信基金,20150514,股票型,被动指数型,中证申万电子行业投资指数收益率*95%+银行同业存款利率*5%,0.5,0.1,3.04,20210930
512510.SH,中证500指数ETF,华泰柏瑞基金,20150513,股票型,被动指数型,中证500指数,0.15,0.05,5.85,20210930
160633.SZ,券商LOF,鹏华基金,20150506,股票型,被动指数型,中证全指证券公司指数收益率*95%+商业银行活期存款利率(税后)*5%,1.0,0.22,15.79,20210930
512500.SH,500ETF基金,华夏基金,20150505,股票型,被动指数型,中证500指数,0.5,0.1,56.97,20210930
160632.SZ,酒LOF,鹏华基金,20150429,股票型,被动指数型,中证酒指数收益率*95%+商业银行活期存款利率(税后)*5%,1.0,0.22,61.36,20210930
160631.SZ,银行LOF基金,鹏华基金,20150417,股票型,被动指数型,中证银行指数收益率*95%+商业银行活期存款利率(税后)*5%,1.0,0.22,12.14,20210930
161722.SZ,招商丰泰LOF,招商基金,20150417,混合型,灵活配置型,中国人民银行公布金融机构人民币一年期存款基准利率+3%(单利年化),0.6,0.15,7.49,20210930
502048.SH,上证50LOF,易方达基金,20150415,股票型,被动指数型,上证50指数收益率*95%+活期存款利率(税后)*5%,1.0,0.2,2.15,20210930
161224.SZ,国投新丝路LOF,国投瑞银基金,20150410,混合型,灵活配置型,沪深300指数收益率*60%+中债综合指数收益率*40%,1.5,0.25,1.02,20210930
166011.SZ,中欧盛世LOF,中欧基金,20150331,混合型,混合型,沪深300指数收益率*75%+中证全债指数收益率*25%,1.5,0.25,5.87,20210930
161028.SZ,新能源车LOF,富国基金,20150330,股票型,被动指数型,中证新能源汽车指数收益率*95%+银行人民币活期存款利率(税后)*5%,1.0,0.22,101.73,20210930
160221.SZ,有色金属LOF,国泰基金,20150330,股票型,被动指数型,国证有色金属行业指数收益率*95%+银行活期存款利率(税后)*5%,1.0,0.22,28.41,20210930
161027.SZ,证券LOF,富国基金,20150327,股票型,被动指数型,中证全指证券公司指数收益率*95%+银行人民币活期存款利率(税后)*5%,1.0,0.22,20.7,20210930
162510.SZ,中小企业综指LOF,国联安基金,20150323,股票型,被动指数型,中小企业综合指数收益率*95%+活期存款利率(税后)*5%,0.75,0.22,0.06,20210930
159940.SZ,金融ETF基金,广发基金,20150323,股票型,被动指数型,中证全指金融地产指数,0.5,0.1,21.38,20210930
512990.SH,MSCIA股ETF,华夏基金,20150212,股票型,被动指数型,MSCI中国A股国际通指数收益率,0.5,0.1,4.82,20210930
161222.SZ,国投瑞利LOF,国投瑞银基金,20150205,混合型,灵活配置型,沪深300指数收益率*50%+中债综合指数收益率*50%,1.5,0.25,1.35,20210930
169102.SZ,东方红睿阳定开,东证资管,20150119,混合型,灵活配置型,沪深300指数收益率*60%+恒生指数收益率*20%+中国债券总指数收益率*20%,1.5,0.25,23.44,20210930
159939.SZ,信息技术ETF,广发基金,20150108,股票型,被动指数型,中证全指信息技术指数,0.5,0.1,14.5,20210930
160919.SZ,产业升级LOF,大成基金,20141226,股票型,股票型,沪深300指数收益率*80%+中证综合债券指数收益率*20%,1.5,0.25,3.23,20210930
513660.SH,恒生ETF,华夏基金,20141223,股票型,被动指数型,(人民币/港币汇率*恒生指数)收益率,0.5,0.1,11.25,20210930
513600.SH,恒生指数ETF,南方基金,20141223,股票型,被动指数型,恒生指数(使用估值汇率调整),0.5,0.1,2.92,20210930
161026.SZ,国企改革LOF,富国基金,20141217,股票型,被动指数型,中证国有企业改革指数收益率*95%+银行人民币活期存款利率(税后)*5%,1.0,0.22,33.89,20210930
160629.SZ,传媒LOF,鹏华基金,20141211,股票型,被动指数型,中证传媒指数收益率*95%+商业银行活期存款利率(税后)*5%,1.0,0.22,8.9,20210930
159938.SZ,医药卫生ETF,广发基金,20141201,股票型,被动指数型,中证全指医药卫生指数,0.5,0.1,15.93,20210930
165522.SZ,TMTLOF,中信保诚基金,20141128,股票型,被动指数型,中证TMT产业主题指数收益率*95%+金融同业存款利率*5%,1.0,0.22,0.69,20210930
161720.SZ,证券基金LOF,招商基金,20141113,股票型,被动指数型,中证全指证券公司指数收益率*95%+金融机构人民币活期存款基准利率(税后)*5%,1.0,0.2,29.13,20210930
160630.SZ,国防LOF,鹏华基金,20141113,股票型,被动指数型,中证国防指数收益率*95%+商业银行活期存款利率(税后)*5%,1.0,0.22,55.07,20210930
160813.SZ,长盛同盛LOF,长盛基金,20141105,混合型,灵活配置型,沪深300指数收益率*50%+中证综合债指数收益率*50%,1.5,0.25,8.12,20210930
160222.SZ,食品LOF,国泰基金,20141023,股票型,被动指数型,国证食品饮料行业指数收益率*95%+银行活期存款利率(税后)*5%,1.0,0.2,76.15,20210930
169101.SZ,东方红睿丰LOF,东证资管,20140919,混合型,灵活配置型,沪深300指数收益率*70%+中国债券总指数收益率*30%,1.5,0.25,46.15,20210930
160628.SZ,地产LOF,鹏华基金,20140912,股票型,被动指数型,中证800地产指数收益率*95%+商业银行活期存款利率(税后)*5%,1.0,0.22,4.86,20210930
161025.SZ,互联网LOF,富国基金,20140902,股票型,被动指数型,中证移动互联网指数收益率*95%+银行人民币活期存款利率(税后)*5%,1.0,0.12,5.04,20210930
513030.SH,德国ETF,华安基金,20140808,股票型,被动指数型,德国DAX指数(DAX Index)收益率(经汇率调整后的总收益指数收益率),0.8,0.2,6.12,20210930
163115.SZ,申万军工LOF,申万菱信基金,20140724,股票型,被动指数型,中证军工指数收益率*95%+银行同业存款利率*5%,1.0,0.22,11.91,20210930
512220.SH,科技ETF150,景顺长城基金,20140718,股票型,被动指数型,中证科技传媒通信150指数,0.5,0.1,3.02,20210930
160133.SZ,南方天元LOF,南方基金,20140703,股票型,股票型,沪深300指数收益率*80%+上证国债指数收益率*20%,1.5,0.25,19.45,20210930
512070.SH,证券保险ETF,易方达基金,20140626,股票型,被动指数型,沪深300非银行金融指数,0.5,0.1,34.54,20210930
512640.SH,金融地产ETF基金,嘉实基金,20140620,股票型,被动指数型,中证金融地产指数收益率,0.5,0.1,0.68,20210930
512610.SH,医药卫生ETF基金,嘉实基金,20140613,股票型,被动指数型,中证医药卫生指数收益率,0.5,0.1,0.14,20210930
512600.SH,必选消费ETF,嘉实基金,20140613,股票型,被动指数型,中证主要消费指数收益率,0.5,0.1,5.41,20210930
159936.SZ,可选消费ETF,广发基金,20140603,股票型,被动指数型,中证全指可选消费指数,0.5,0.1,2.3,20210930
163114.SZ,申万环保LOF,申万菱信基金,20140530,股票型,被动指数型,中证环保产业指数收益率*95%+银行活期存款利率(税后)*5%,1.0,0.22,4.58,20210930
160626.SZ,信息LOF,鹏华基金,20140505,股票型,被动指数型,中证信息技术指数收益率*95%+商业银行活期存款利率(税后)*5%,1.0,0.22,4.87,20210930
160625.SZ,证保LOF,鹏华基金,20140505,股票型,被动指数型,中证800证券保险指数收益率*95%+商业银行活期存款利率(税后)*5%,1.0,0.22,11.57,20210930
160918.SZ,中小盘LOF,大成基金,20140410,混合型,混合型,中证700指数收益率*60%+恒生指数收益率*20%+中证综合债券指数收益率*20%,1.5,0.25,9.56,20210930
161831.SZ,恒生国企LOF,银华基金,20140409,股票型,被动指数型,人民币/港币汇率*恒生中国企业指数收益率*95%+人民币活期存款收益率(税后)*5%,1.0,0.28,2.38,20210930
161024.SZ,军工LOF,富国基金,20140404,股票型,被动指数型,中证军工价格指数收益率*95%+银行人民币活期存款利率(税后)*5%,1.0,0.22,64.41,20210930
160812.SZ,长盛同益LOF,长盛基金,20140404,混合型,灵活配置型,沪深300指数收益率*50%+中证综合债指数收益率*50%,1.5,0.25,1.89,20210930
163113.SZ,申万证券LOF,申万菱信基金,20140313,股票型,被动指数型,中证申万证券行业指数收益率*95%+银行同业存款利率*5%,1.0,0.22,23.82,20210930
164705.SZ,恒生LOF,汇添富基金,20140306,股票型,被动指数型,经人民币汇率调整的恒生指数收益率*95%+商业银行活期存款利率(税后)*5%,0.8,0.25,2.04,20210930
161811.SZ,沪深300LOF银华,银华基金,20140107,股票型,被动指数型,沪深300指数收益率*95%+商业银行活期存款利率(税后)*5%,1.0,0.22,1.08,20210930
160220.SZ,国泰民益LOF,国泰基金,20131230,混合型,灵活配置型,沪深300指数收益率*50%+中债综合指数收益率*50%,0.7,0.25,5.07,20210930
159935.SZ,景顺中证500ETF,景顺长城基金,20131226,股票型,被动指数型,中证500指数,0.5,0.1,1.12,20210930
165521.SZ,金融LOF,中信保诚基金,20131220,股票型,被动指数型,中证800金融价格指数收益率*95%+金融同业存款利率*5%,1.0,0.22,2.01,20210930
513500.SH,标普500ETF,博时基金,20131205,股票型,被动指数型,"标普500指数(S&P 500 Index(NTR,Net total Return))(经估值汇率调整,以人民币计价)",0.6,0.25,40.94,20210930
512120.SH,医药50ETF,华安基金,20131204,股票型,被动指数型,中证细分医药产业主题指数收益率,0.5,0.1,1.62,20210930
510680.SH,上证50ETF基金,万家基金,20131031,股票型,被动指数型,上证50指数,0.5,0.1,0.31,20210930
512010.SH,医药ETF,易方达基金,20130923,股票型,被动指数型,沪深300医药卫生指数,0.5,0.1,42.35,20210930
159933.SZ,国投金融地产ETF,国投瑞银基金,20130917,股票型,被动指数型,沪深300金融地产指数,0.6,0.13,1.76,20210930
161022.SZ,创业板指数LOF,富国基金,20130912,股票型,被动指数型,创业板指数收益率*95%+银行人民币活期存款利率(税后)*5%,1.0,0.22,11.74,20210930
159932.SZ,中证500深ETF,大成基金,20130912,股票型,被动指数型,中证500深市价格指数,0.5,0.1,0.42,20210930
165520.SZ,有色LOF,中信保诚基金,20130830,股票型,被动指数型,中证800有色金属指数收益率*95%+金融同业存款利率*5%,1.0,0.22,22.78,20210930
160219.SZ,医药LOF,国泰基金,20130829,股票型,被动指数型,国证医药卫生行业指数收益率*95%+银行活期存款利率(税后)*5%,1.0,0.2,12.01,20210930
159931.SZ,金融ETF,汇添富基金,20130823,股票型,被动指数型,中证金融地产指数,0.5,0.1,0.72,20210930
159929.SZ,医药ETF,汇添富基金,20130823,股票型,被动指数型,中证医药卫生指数,0.5,0.1,6.74,20210930
159928.SZ,消费ETF,汇添富基金,20130823,股票型,被动指数型,中证主要消费指数,0.5,0.1,99.55,20210930
159930.SZ,能源ETF,汇添富基金,20130823,股票型,被动指数型,中证能源指数,0.5,0.1,2.69,20210930
165519.SZ,医药生物科技LOF,中信保诚基金,20130816,股票型,被动指数型,中证800制药与生物科技指数收益率*95%+金融同业存款利率*5%,1.0,0.22,2.56,20210930
513100.SH,纳指ETF,国泰基金,20130425,股票型,被动指数型,纳斯达克100指数(Nasdaq-100 Index)收益率(经汇率调整后的总收益指数收益率),0.6,0.2,23.13,20210930
510510.SH,中证500ETF基金,广发基金,20130411,股票型,被动指数型,中证500指数,0.5,0.1,28.65,20210930
510630.SH,消费ETF基金,华夏基金,20130328,股票型,被动指数型,上证主要消费行业指数,0.5,0.1,4.43,20210930
510650.SH,金融地产ETF,华夏基金,20130328,股票型,被动指数型,上证金融地产行业指数,0.5,0.1,0.72,20210930
510660.SH,医药卫生ETF,华夏基金,20130328,股票型,被动指数型,上证医药卫生行业指数,0.5,0.1,1.23,20210930
165313.SZ,建信优势LOF,建信基金,20130319,混合型,混合型,沪深300指数收益率*75%+中国债券总指数收益率*25%,1.25,0.25,5.68,20210930
510310.SH,沪深300ETF易方达,易方达基金,20130306,股票型,被动指数型,沪深300指数,0.15,0.05,90.43,20210930
160212.SZ,国泰估值LOF,国泰基金,20130219,混合型,混合型,沪深300指数收益率*80%+中证全债指数收益率*20%,1.5,0.25,11.13,20210930
159925.SZ,沪深300ETF南方,南方基金,20130218,股票型,被动指数型,沪深300指数,0.5,0.1,16.65,20210930
159923.SZ,中证100ETF,大成基金,20130207,股票型,被动指数型,中证100指数,0.5,0.1,0.24,20210930
160218.SZ,房地产LOF,国泰基金,20130206,股票型,被动指数型,国证房地产行业指数收益率*95%+银行活期存款利率(税后)*5%,1.0,0.2,6.85,20210930
159922.SZ,中证500ETF嘉实,嘉实基金,20130206,股票型,被动指数型,中证500指数,0.15,0.05,32.67,20210930
510500.SH,中证500ETF,南方基金,20130206,股票型,被动指数型,中证500指数,0.5,0.1,475.17,20210930
510330.SH,300ETF基金,华夏基金,20121225,股票型,被动指数型,沪深300指数,0.5,0.1,244.55,20210930
163415.SZ,兴全商业模式LOF,兴证全球基金,20121218,混合型,混合型,沪深300指数*80%+中证国债指数*20%,1.5,0.25,153.77,20210930
160620.SZ,资源LOF,鹏华基金,20120927,股票型,被动指数型,中证A股资源产业指数收益率*95%+银行活期存款利率(税后)*5%,1.0,0.22,2.66,20210930
510440.SH,500沪市ETF,大成基金,20120824,股票型,被动指数型,中证500沪市指数,0.5,0.1,0.46,20210930
159920.SZ,恒生ETF,华夏基金,20120809,股票型,被动指数型,(人民币/港币汇率*恒生指数)收益率,0.6,0.15,96.66,20210930
510900.SH,H股ETF,易方达基金,20120809,股票型,被动指数型,恒生中国企业指数,0.6,0.15,65.92,20210930
160916.SZ,优选LOF,大成基金,20120727,混合型,混合型,沪深300指数收益率*80%+中证综合债券指数收益率*20%,1.25,0.25,16.8,20210930
163821.SZ,沪深300等权LOF,中银基金,20120517,股票型,被动指数型,沪深300等权重指数收益率*95%+同期银行活期存款利率*5%,0.75,0.15,0.52,20210930
165516.SZ,信诚周期LOF,中信保诚基金,20120507,混合型,混合型,沪深300指数收益率*80%+中证综合债指数收益率*20%,1.5,0.25,31.89,20210930
159919.SZ,沪深300ETF,嘉实基金,20120507,股票型,被动指数型,沪深300指数,0.5,0.1,189.04,20210930
510300.SH,沪深300ETF,华泰柏瑞基金,20120504,股票型,被动指数型,沪深300指数,0.5,0.1,389.25,20210930
160216.SZ,国泰商品LOF,国泰基金,20120503,股票型,股票型,国泰大宗商品配置指数(全收益指数),1.5,0.35,1.94,20210930
510410.SH,资源ETF,博时基金,20120410,股票型,被动指数型,上证自然资源指数收益率,0.5,0.1,4.66,20210930
163412.SZ,兴全轻资产LOF,兴证全球基金,20120405,混合型,混合型,沪深300指数*80%+中证国债指数*20%,1.5,0.25,79.4,20210930
160416.SZ,石油基金LOF,华安基金,20120329,股票型,被动指数型,标普全球石油净总收益指数收益率(S&P Global Oil Index Net Total Return),1.0,0.28,4.67,20210930
159918.SZ,中创400ETF,嘉实基金,20120322,股票型,被动指数型,中创400指数,0.5,0.1,0.74,20210930
160127.SZ,南方消费LOF,南方基金,20120313,股票型,股票型,中证内地消费主题指数收益率*55%+中证港股通主要消费综合指数(人民币)收益率*30%+中证综合债指数收益率*15%,1.5,0.25,9.7,20210930
165515.SZ,信诚300LOF,中信保诚基金,20120201,股票型,被动指数型,沪深300指数收益率*95%+金融同业存款利率*5%,1.0,0.22,2.89,20210930
165513.SZ,信诚商品LOF,中信保诚基金,20111220,混合型,混合型,标准普尔高盛商品总收益指数(S&P GSCI Commodity Total Return Index),1.75,0.3,0.46,20210930
161219.SZ,国投新兴产业LOF,国投瑞银基金,20111213,混合型,灵活配置型,中证新兴产业指数*55%+中债总指数*45%,1.5,0.25,8.45,20210930
161017.SZ,500增强LOF,富国基金,20111012,股票型,增强指数型,"中证500指数收益率*95%+1%(指年收益率,评价时按期间折算)",1.0,0.15,89.86,20210930
162411.SZ,华宝油气LOF,华宝基金,20110929,股票型,被动指数型,标普石油天然气上游股票指数(全收益指数),1.0,0.28,30.1,20210930
163208.SZ,全球油气能源LOF,诺安基金,20110927,股票型,股票型,标普能源行业指数(净收益)(S&P 500 Energy Sector Index(NTR)),1.5,0.35,3.42,20210930
160125.SZ,南方香港LOF,南方基金,20110926,股票型,股票型,经人民币汇率调整的恒生指数收益率*95%+人民币同期活期存款利率*5%,1.6,0.3,3.59,20210930
159913.SZ,深价值ETF,交银施罗德基金,20110922,股票型,被动指数型,深证300价值价格指数,0.5,0.1,0.63,20210930
159915.SZ,创业板ETF易方达,易方达基金,20110920,股票型,被动指数型,创业板指数,0.5,0.1,130.1,20210930
159912.SZ,深300ETF,汇添富基金,20110916,股票型,被动指数型,深证300指数,0.5,0.1,1.03,20210930
510290.SH,上证380ETF,南方基金,20110916,股票型,被动指数型,上证380指数,0.5,0.1,1.66,20210930
159916.SZ,深F60ETF,建信基金,20110908,股票型,被动指数型,深证基本面60指数收益率,0.5,0.1,4.71,20210930
160415.SZ,华安量化LOF,华安基金,20110902,混合型,混合型,沪深300指数收益率*80%+中债综合指数收益率*20%,1.5,0.25,0.13,20210930
164701.SZ,贵金属LOF,汇添富基金,20110831,股票型,股票型,伦敦金价格收益率(折成人民币后),1.0,0.26,1.26,20210930
160719.SZ,嘉实黄金LOF,嘉实基金,20110804,股票型,股票型,伦敦金价格(汇率调整后),1.0,0.26,1.2,20210930
165512.SZ,信诚机遇LOF,中信保诚基金,20110801,混合型,混合型,沪深300指数收益率*80%+中证综合债指数收益率*20%,1.5,0.25,3.62,20210930
159910.SZ,基本面120ETF,嘉实基金,20110801,股票型,被动指数型,深证基本面120指数,0.5,0.1,5.02,20210930
161217.SZ,国投资源LOF,国投瑞银基金,20110721,股票型,被动指数型,中证上游资源产业指数收益率*95%+银行活期存款利率(税后)*5%,0.6,0.13,3.24,20210930
159909.SZ,TMT50ETF,招商基金,20110627,股票型,被动指数型,深证TMT50指数,0.5,0.1,1.78,20210930
163110.SZ,申万量化LOF,申万菱信基金,20110616,股票型,股票型,中证500指数收益率*90%+银行同业存款收益率(税后)*10%,1.5,0.25,5.75,20210930
510270.SH,国企ETF,中银基金,20110616,股票型,被动指数型,上证国有企业100指数,0.5,0.1,0.13,20210930
159908.SZ,创业板ETF博时,博时基金,20110610,股票型,被动指数型,创业板指数收益率,0.5,0.1,4.68,20210930
159907.SZ,中小300ETF,广发基金,20110603,股票型,被动指数型,中小企业300价格指数收益率,0.5,0.1,1.17,20210930
161116.SZ,黄金主题LOF,易方达基金,20110506,股票型,股票型,以伦敦黄金市场下午定盘价计价的国际现货黄金(经汇率折算)*50%+MSCI全球金矿股指数(MSCI ACWI SELECT GOLD MINERSIMI INDEX)*50%,1.2,0.2,1.61,20210930
163409.SZ,兴全绿色LOF,兴证全球基金,20110506,混合型,混合型,中证兴业证券ESG盈利100指数收益率*80%+中证国债指数收益率*20%,1.5,0.25,102.16,20210930
160512.SZ,博时卓越LOF,博时基金,20110422,混合型,混合型,沪深300指数收益率*80%+中证全债指数收益率*20%,1.5,0.25,2.66,20210930
510120.SH,非周期ETF,海富通基金,20110422,股票型,被动指数型,上证非周期行业100指数,0.5,0.1,0.18,20210930
510230.SH,金融ETF,国泰基金,20110331,股票型,被动指数型,上证180金融股指数,0.5,0.1,40.7,20210930
161907.SZ,万家中证红利LOF,万家基金,20110317,股票型,被动指数型,中证红利指数收益率*95%+银行同业存款利率*5%,0.75,0.15,2.15,20210930
161816.SZ,中证90LOF,银华基金,20110317,股票型,被动指数型,中证等权重90指数收益率*95%+商业银行人民币活期存款利率(税后)*5%,1.0,0.22,1.07,20210930
165511.SZ,信诚500LOF,中信保诚基金,20110211,股票型,被动指数型,中证500指数收益率*95%+金融同业存款利率*5%,1.0,0.22,2.41,20210930
166009.SZ,中欧动力LOF,中欧基金,20110210,混合型,混合型,沪深300指数收益率*75%+中证全债指数收益率*25%,1.5,0.25,17.07,20210930
510210.SH,上证指数ETF,富国基金,20110130,股票型,被动指数型,上证综合指数,0.5,0.1,5.34,20210930
510220.SH,中小盘ETF,华泰柏瑞基金,20110126,股票型,被动指数型,上证中小盘指数,0.5,0.1,0.26,20210930
159906.SZ,深成长龙头ETF,大成基金,20101221,股票型,被动指数型,深证成长40价格指数,0.5,0.1,1.35,20210930
165510.SZ,信诚四国LOF,中信保诚基金,20101217,股票型,积极配置型,标准普尔金砖四国(含香港)市场指数(总回报),1.75,0.3,0.12,20210930
161213.SZ,国投消费LOF,国投瑞银基金,20101216,股票型,被动指数型,中证下游消费与服务产业指数收益率*95%+银行活期存款利率(税后)*5%,0.6,0.13,0.38,20210930
510150.SH,消费ETF,招商基金,20101208,股票型,被动指数型,上证消费80指数,0.5,0.1,8.13,20210930
161815.SZ,抗通胀LOF,银华基金,20101206,股票型,主题型,标普高盛商品总指数收益率(S&P GSCI Commodity Total Return Index),1.8,0.35,0.64,20210930
510170.SH,大宗商品ETF,国联安基金,20101126,股票型,被动指数型,上证大宗商品股票指数,0.6,0.1,2.64,20210930
510190.SH,上证龙头ETF,华安基金,20101118,股票型,被动指数型,上证龙头企业指数,0.5,0.1,0.6,20210930
159905.SZ,深红利ETF,工银瑞信基金,20101105,股票型,被动指数型,深证红利价格指数,0.5,0.1,30.27,20210930
163407.SZ,兴全沪深300LOF,兴证全球基金,20101102,股票型,增强指数型,沪深300指数*95%+同业存款利率*5%,0.8,0.15,45.5,20210930
163109.SZ,申万深成LOF,申万菱信基金,20101022,股票型,被动指数型,深证成指增长率*95%+银行同业存款利率*5%,1.0,0.22,3.04,20210930
160717.SZ,H股LOF,嘉实基金,20100930,股票型,被动指数型,人民币/港币汇率*恒生中国企业指数,0.75,0.25,2.21,20210930
510110.SH,周期ETF,海富通基金,20100919,股票型,被动指数型,上证周期行业50指数,0.5,0.1,0.24,20210930
510160.SH,产业升级ETF,南方基金,20100827,股票型,被动指数型,中证南方小康产业指数,0.5,0.1,2.97,20210930
160215.SZ,国泰价值LOF,国泰基金,20100813,混合型,灵活配置型,沪深300指数收益率*60%+中证全债指数收益率*40%,1.5,0.25,4.97,20210930
160807.SZ,长盛沪深300LOF,长盛基金,20100804,股票型,被动指数型,沪深300指数收益率*95%+一年期银行定期存款利率(税后)*5%,0.75,0.15,3.55,20210930
165508.SZ,信诚深度LOF,中信保诚基金,20100730,混合型,混合型,上证180指数收益率*80%+中证综合债指数收益率*20%,1.5,0.25,0.35,20210930
510090.SH,ESG建信ETF,建信基金,20100528,股票型,被动指数型,上证社会责任指数,0.5,0.1,0.79,20210930
161812.SZ,深证100LOF,银华基金,20100507,股票型,被动指数型,深证100价格指数收益率*95%+商业银行活期存款利率(税后)*5%,1.0,0.2,6.22,20210930
510030.SH,价值ETF,华宝基金,20100423,股票型,被动指数型,上证180价值指数,0.5,0.1,1.16,20210930
163406.SZ,兴全合润LOF,兴证全球基金,20100422,混合型,混合型,沪深300指数*80%+中证国债指数*20%,1.5,0.25,287.56,20210930
162509.SZ,中证100LOF,国联安基金,20100416,股票型,被动指数型,中证100指数收益率*95%+活期存款利率(税后)*5%,1.0,0.22,1.59,20210930
510130.SH,中盘ETF,易方达基金,20100329,股票型,被动指数型,上证中盘指数,0.5,0.1,2.57,20210930
163001.SZ,长信医疗LOF,长信基金,20100326,混合型,灵活配置型,中证医药卫生指数收益率*60%+中国债券总指数收益率*40%,1.5,0.25,3.1,20210930
160616.SZ,鹏华500LOF,鹏华基金,20100205,股票型,被动指数型,中证500指数收益率*95%+银行同业存款利率*5%,0.75,0.15,3.62,20210930
160716.SZ,基本面50LOF,嘉实基金,20091230,股票型,被动指数型,中证锐联基本面50指数收益率*95%+银行同业存款收益率*5%,1.0,0.18,10.2,20210930
166006.SZ,中欧成长LOF,中欧基金,20091230,混合型,混合型,沪深300指数收益率*75%+中债综合指数收益率*25%,1.5,0.25,94.19,20210930
510020.SH,超大盘ETF,博时基金,20091229,股票型,被动指数型,上证超级大盘指数,0.5,0.1,1.22,20210930
159903.SZ,深成ETF,南方基金,20091204,股票型,被动指数型,深证成份指数,0.5,0.1,3.01,20210930
162711.SZ,中证500LOF,广发基金,20091126,股票型,被动指数型,中证500指数收益率*95%+银行活期存款利率(税后)*5%,0.5,0.1,14.65,20210930
165309.SZ,沪深300LOF建信,建信基金,20091105,股票型,被动指数型,沪深300指数收益率*95%+商业银行活期存款利率(税后)*5%,0.75,0.15,4.61,20210930
162307.SZ,海富通100LOF,海富通基金,20091030,股票型,被动指数型,中证100指数*95%+活期存款利率(税后)*5%,0.7,0.12,0.81,20210930
160211.SZ,国泰小盘LOF,国泰基金,20091019,混合型,混合型,天相小盘成长指数*45%+天相中盘成长指数*35%+中证全债指数*20%,1.5,0.25,8.15,20210930
510010.SH,180治理ETF,交银施罗德基金,20090925,股票型,被动指数型,上证180公司治理指数,0.5,0.1,2.51,20210930
160119.SZ,500ETF联接LOF,南方基金,20090925,股票型,被动指数型,中证500指数收益率*95%+银行活期存款利率(税后)*5%,0.5,0.1,81.93,20210930
510060.SH,央企ETF,工银瑞信基金,20090826,股票型,被动指数型,上证央企50指数,0.5,0.1,0.97,20210930
161810.SZ,银华内需LOF,银华基金,20090701,混合型,混合型,沪深300指数收益率*80%+上证国债指数收益率*20%,1.5,0.25,25.14,20210930
160615.SZ,鹏华300LOF,鹏华基金,20090403,股票型,被动指数型,沪深300指数收益率*95%+银行同业存款利率*5%,0.75,0.15,4.4,20210930
160613.SZ,鹏华盛世创新LOF,鹏华基金,20081010,混合型,混合型,沪深300指数收益率*75%+中证综合债指数收益率*25%,1.5,0.25,3.22,20210930
160314.SZ,华夏行业LOF,华夏基金,20071122,混合型,混合型,沪深300指数收益率*80%+上证国债指数收益率*20%,1.5,0.25,21.9,20210930
160910.SZ,创新成长LOF,大成基金,20070612,混合型,混合型,沪深300指数*70%+中国债券总指数*30%,1.5,0.25,12.99,20210930
161610.SZ,融通领先成长LOF,融通基金,20070430,混合型,混合型,沪深300指数收益率*80%+中债综合全价(总值)指数收益率*20%,1.5,0.25,19.59,20210930
160611.SZ,鹏华优质治理LOF,鹏华基金,20070425,混合型,混合型,沪深300指数收益率*75%+中证综合债指数收益率*25%,1.5,0.25,9.18,20210930
160311.SZ,华夏蓝筹LOF,华夏基金,20070424,混合型,混合型,沪深300指数收益率*60%+上证国债指数收益率*40%,1.5,0.25,29.78,20210930
162006.SZ,长城久富LOF,长城基金,20070212,混合型,混合型,沪深300指数收益率*75%+中证综合债指数收益率*25%,1.5,0.25,12.61,20210930
166001.SZ,中欧趋势LOF,中欧基金,20070129,混合型,混合型,富时中国A600指数*80%+富时中国国债指数*20%,1.5,0.25,56.35,20210930
160610.SZ,鹏华动力LOF,鹏华基金,20070109,混合型,混合型,沪深300指数收益率*70%+中证综合债指数收益率*30%,1.5,0.25,17.19,20210930
160805.SZ,长盛同智LOF,长盛基金,20070105,混合型,成长型,沪深300指数收益率*65%+上证国债指数收益率*30%+一年定期存款利率*5%,1.5,0.25,7.38,20210930
510880.SH,红利ETF,华泰柏瑞基金,20061117,股票型,被动指数型,上证红利指数,0.5,0.1,154.97,20210930
160607.SZ,鹏华价值优势LOF,鹏华基金,20060718,混合型,混合型,沪深300指数收益率*70%+中证综合债指数收益率*30%,1.5,0.25,18.29,20210930
159902.SZ,中小100ETF,华夏基金,20060608,股票型,被动指数型,中小企业100指数,0.5,0.1,9.92,20210930
162207.SZ,泰达效率混合LOF,泰达宏利基金,20060512,混合型,混合型,富时中国A600指数收益率*60%+中证国债指数收益率*35%+同业存款利率*5%,1.5,0.25,7.55,20210930
510180.SH,上证180ETF,华安基金,20060413,股票型,被动指数型,上证180指数,0.5,0.1,226.46,20210930
159901.SZ,深证100ETF易方达,易方达基金,20060324,股票型,被动指数型,深证100价格指数,0.5,0.1,77.47,20210930
162607.SZ,景顺资源LOF,景顺长城基金,20060126,混合型,混合型,沪深300指数*80%+中国债券总指数*20%,1.5,0.25,20.62,20210930
163503.SZ,天治核心LOF,天治基金,20060120,混合型,混合型,富时中国A全指*75%+富时中国国债指数*25%,1.2,0.25,5.03,20210930
161706.SZ,招商成长LOF,招商基金,20051117,混合型,混合型,沪深300指数*95%+同业存款利率*5%,1.5,0.25,21.59,20210930
161005.SZ,富国天惠LOF,富国基金,20051116,混合型,混合型,沪深300指数收益率*70%+中债综合全价指数收益率*25%+同业存款利率*5%,1.5,0.25,367.85,20210930
163402.SZ,兴全趋势LOF,兴证全球基金,20051103,混合型,灵活配置型,沪深300指数*50%+中证国债指数*45%+同业存款利率*5%,1.5,0.25,333.1,20210930
163302.SZ,大摩资源LOF,摩根士丹利华鑫基金,20050927,混合型,混合型,沪深300指数收益率*70%+标普中国债券指数收益率*30%,1.5,0.25,7.37,20210930
160706.SZ,沪深300LOF,嘉实基金,20050829,股票型,被动指数型,沪深300指数增长率*95%+银行活期存款利率(税后)*5%,0.5,0.1,119.14,20210930
161903.SZ,万家行业优选LOF,万家基金,20050715,混合型,混合型,沪深300指数收益率*80%+上证国债指数收益率*20%,1.3,0.2,142.41,20210930
160106.SZ,南方高增LOF,南方基金,20050713,混合型,混合型,上证综合指数*90%+上证国债指数*10%,1.5,0.25,18.83,20210930
161607.SZ,巨潮100LOF,融通基金,20050512,股票型,增强指数型,巨潮100指数收益率*95%+银行同业存款利率*5%,1.3,0.2,7.48,20210930
162605.SZ,景顺鼎益LOF,景顺长城基金,20050316,混合型,混合型,沪深300指数*80%+银行同业存款利率*20%,1.5,0.25,226.51,20210930
162703.SZ,广发小盘LOF,广发基金,20050202,混合型,混合型,天相小市值指数,1.5,0.25,118.66,20210930
160505.SZ,博时主题LOF,博时基金,20050106,混合型,混合型,沪深300指数收益率*80%+上证国债指数收益率*20%,1.5,0.25,89.24,20210930
163801.SZ,中银中国LOF,中银基金,20050104,混合型,稳定型,沪深300指数*70%+中证国债指数*20%+1年期银行存款利率*10%,1.5,0.25,13.16,20210930
510050.SH,上证50ETF,华夏基金,20041230,股票型,被动指数型,上证50指数,0.5,0.1,528.87,20210930
160105.SZ,南方积配LOF,南方基金,20041014,混合型,混合型,上证综指*85%+上证国债指数*15%,1.5,0.25,7.43,20210930
